,Rk,NAME,Pos,Age,TEAM_Regular,GP_Regular,MPG_Regular,FG,FGA,FG%,3P,3PA_Regular,3P%_Regular,2P,2PA_Regular,2P%_Regular,eFG%_Regular,FT,FTA_Regular,FT%_Regular,ORB,RPG_Regular,TRB,APG_Regular,SPG_Regular,BPG_Regular,TPG_Regular,PF,PPG_Regular,RANK,TEAM_Playoffs,POS,AGE,GP_Playoffs,MPG_Playoffs,USG%,TO%,FTA_Playoffs,FT%_Playoffs,2PA_Playoffs,2P%_Playoffs,3PA_Playoffs,3P%_Playoffs,eFG%_Playoffs,TS%,PPG_Playoffs,RPG_Playoffs,APG_Playoffs,SPG_Playoffs,BPG_Playoffs,TPG_Playoffs,P+R,P+A,P+R+A,VI,ORtg,DRtg
0,1,Precious Achiuwa,PF-C,24,TOT,74,21.9,3.2,6.3,0.501,0.4,1.3,0.268,2.8,5.0,0.562,0.529,0.9,1.5,0.616,2.6,4.0,6.6,1.3,0.6,0.9,1.1,1.9,7.6,112,Nyk,F,24.7,9,20.5,12.6,8.5,13,0.385,40,0.525,3,0.0,0.488,0.482,5.2,4.2,0.6,0.4,1.3,0.4,9.4,5.8,10.0,4.6,111.6,107.2
1,2,Bam Adebayo,C,26,MIA,71,34.0,7.5,14.3,0.521,0.2,0.6,0.357,7.3,13.7,0.528,0.529,4.1,5.5,0.755,2.2,8.1,10.4,3.9,1.1,0.9,2.3,2.2,19.3,19,Mia,C,26.9,5,38.5,29.0,7.6,21,0.714,87,0.529,10,0.2,0.505,0.532,22.6,9.4,3.8,0.4,0.0,1.6,32.0,26.4,35.8,9.7,109.5,106.7
2,5,Nickeil Alexander-Walker,SG,25,MIN,82,23.4,2.9,6.6,0.439,1.6,4.1,0.391,1.3,2.5,0.517,0.56,0.6,0.8,0.8,0.4,1.6,2.0,2.5,0.8,0.5,0.9,1.7,8.0,92,Min,F,25.8,16,23.6,15.8,11.8,10,1.0,31,0.548,81,0.296,0.473,0.498,7.3,1.8,2.3,0.6,0.4,0.9,9.0,9.6,11.3,5.3,103.3,109.1
3,6,Grayson Allen,SG,28,PHO,75,33.5,4.5,9.1,0.499,2.7,5.9,0.461,1.8,3.2,0.57,0.649,1.7,2.0,0.878,0.6,3.3,3.9,3.0,0.9,0.6,1.3,2.1,13.5,135,Pho,G,28.7,2,21.4,10.7,35.5,4,1.0,0,0.0,5,0.2,0.3,0.518,3.5,4.0,1.0,0.5,0.0,1.5,7.5,4.5,8.5,4.5,94.8,109.1
4,7,Jarrett Allen,C,25,CLE,77,31.7,6.7,10.6,0.634,0.0,0.1,0.0,6.7,10.6,0.638,0.634,3.0,4.1,0.742,3.2,7.4,10.5,2.7,0.7,1.1,1.6,1.9,16.5,33,Cle,C,26.1,4,31.8,19.6,11.8,26,0.692,37,0.676,0,0.0,0.676,0.702,17.0,13.8,1.3,1.3,1.0,1.3,30.8,18.3,32.0,8.5,137.5,103.7
5,9,Jose Alvarado,PG,25,NOP,56,18.4,2.5,6.2,0.412,1.4,3.7,0.377,1.1,2.5,0.464,0.525,0.6,0.9,0.673,0.4,1.8,2.3,2.1,1.1,0.3,0.7,1.6,7.1,160,Nor,G,26.2,4,15.4,17.1,16.7,0,0.0,6,0.333,14,0.071,0.175,0.175,1.8,1.0,2.3,1.3,0.3,1.0,2.8,4.0,5.0,4.2,53.7,110.2
6,10,Kyle Anderson,PF,30,MIN,79,22.6,2.5,5.5,0.46,0.1,0.6,0.229,2.4,4.9,0.488,0.472,1.2,1.7,0.708,0.8,2.7,3.5,4.2,0.9,0.6,1.2,1.6,6.4,122,Min,F-G,30.7,15,15.4,14.2,14.8,12,0.833,49,0.49,8,0.25,0.474,0.514,4.3,2.7,2.5,0.7,0.3,0.7,6.9,6.8,9.5,8.0,119.5,101.6
7,12,Thanasis Antetokounmpo,PF,31,MIL,34,4.6,0.5,0.9,0.533,0.0,0.0,0.0,0.5,0.9,0.552,0.533,0.0,0.1,0.0,0.2,0.2,0.4,0.5,0.2,0.1,0.4,0.7,0.9,197,Mil,F,31.9,2,2.4,0.0,0.0,0,0.0,0,0.0,0,0.0,0.0,0.0,0.0,0.0,0.0,0.5,0.5,0.0,0.0,0.0,0.0,0.0,0.0,0.0
8,13,Cole Anthony,PG,23,ORL,81,22.4,4.1,9.4,0.435,1.1,3.4,0.338,3.0,6.0,0.49,0.496,2.2,2.7,0.826,0.8,3.0,3.8,2.9,0.8,0.5,1.6,2.2,11.6,114,Orl,G,24.1,7,14.7,21.3,10.8,9,0.889,28,0.393,13,0.154,0.341,0.4,5.1,2.1,1.3,0.6,0.1,0.7,7.3,6.4,8.6,6.5,88.1,96.9
9,14,OG Anunoby,SF,26,TOT,50,34.0,5.6,11.5,0.489,2.0,5.3,0.382,3.6,6.2,0.581,0.577,1.3,1.8,0.753,0.9,3.2,4.2,2.1,1.4,0.7,1.6,2.4,14.7,43,Nyk,F,26.9,9,36.0,17.2,8.2,13,0.615,72,0.556,39,0.41,0.577,0.583,15.1,6.0,1.1,0.9,1.0,1.1,21.1,16.2,22.2,5.2,113.9,112.5
10,25,Paolo Banchero,PF,21,ORL,80,35.0,8.0,17.6,0.455,1.5,4.4,0.339,6.5,13.2,0.493,0.497,5.1,7.0,0.725,1.0,5.9,6.9,5.4,0.9,0.6,3.1,1.9,22.6,13,Orl,F,21.6,7,37.5,33.9,17.6,49,0.755,109,0.477,40,0.4,0.51,0.554,27.0,8.6,4.0,1.1,0.6,4.6,35.6,31.0,39.6,10.4,102.2,107.4
11,35,Nicolas Batum,PF,35,TOT,60,25.5,1.9,4.3,0.453,1.2,3.1,0.395,0.7,1.2,0.606,0.596,0.3,0.4,0.714,1.2,3.0,4.1,2.1,0.8,0.6,0.7,1.8,5.3,98,Phi,G-F,35.5,6,28.3,10.2,14.6,8,0.625,7,0.429,22,0.409,0.569,0.584,6.3,5.8,1.3,0.2,0.8,0.8,12.2,7.7,13.5,5.1,118.4,110.7
12,37,Bradley Beal,SG,30,PHO,53,33.3,7.1,13.9,0.513,1.9,4.4,0.43,5.2,9.4,0.552,0.582,2.1,2.5,0.813,1.0,3.4,4.4,5.0,1.0,0.5,2.5,2.4,18.2,36,Pho,G,31.0,4,38.6,22.6,18.0,5,0.8,36,0.444,23,0.435,0.525,0.539,16.5,2.8,4.5,0.8,0.3,3.3,19.3,21.0,23.8,6.1,102.1,112.1
13,38,Malik Beasley,SG,27,MIL,79,29.6,4.1,9.1,0.443,2.8,6.9,0.413,1.2,2.3,0.533,0.598,0.3,0.4,0.714,0.5,3.2,3.7,1.4,0.7,0.1,0.7,2.0,11.3,80,Mil,G,27.5,6,21.9,15.4,6.8,0,0.0,16,0.625,25,0.44,0.646,0.646,8.8,2.5,0.7,0.7,0.0,0.5,11.3,9.5,12.0,4.5,119.1,112.5
14,39,MarJon Beauchamp,SF,23,MIL,48,12.7,1.7,3.5,0.488,0.6,1.6,0.4,1.1,1.9,0.56,0.578,0.4,0.6,0.679,0.5,1.6,2.1,0.6,0.3,0.1,0.6,1.1,4.4,187,Mil,F,23.7,4,2.5,27.6,19.2,2,0.5,2,0.5,2,0.0,0.25,0.307,0.8,0.3,0.5,0.0,0.0,0.3,1.0,1.3,1.5,7.9,0.0,0.0
15,42,Patrick Beverley,PG,35,TOT,73,20.0,2.2,5.2,0.417,0.8,2.5,0.337,1.3,2.7,0.49,0.497,1.0,1.2,0.822,0.7,2.6,3.3,2.9,0.6,0.4,0.9,1.8,6.2,83,Mil,G,35.9,6,34.9,11.3,13.2,15,0.867,28,0.429,11,0.364,0.462,0.537,8.2,3.3,5.5,1.0,0.7,1.0,11.5,13.7,17.0,6.1,124.5,112.6
16,44,Goga Bitadze,C,24,ORL,62,15.4,2.0,3.4,0.603,0.0,0.2,0.143,2.0,3.1,0.636,0.608,0.9,1.4,0.655,1.8,2.9,4.6,1.3,0.5,1.2,0.7,1.7,5.0,200,Orl,C-F,24.9,2,4.9,13.4,33.3,0,0.0,2,0.0,0,0.0,0.0,0.0,0.0,1.5,1.0,0.0,0.0,0.5,1.5,1.0,2.5,0.0,56.1,114.6
17,47,Anthony Black,PG,20,ORL,69,16.9,1.7,3.6,0.466,0.5,1.4,0.394,1.1,2.2,0.51,0.54,0.7,1.2,0.613,0.5,1.5,2.0,1.3,0.5,0.3,0.8,1.6,4.6,141,Orl,G,20.4,2,5.4,32.5,12.5,0,0.0,5,0.6,2,0.0,0.429,0.429,3.0,1.0,1.0,0.5,0.0,0.5,4.0,4.0,5.0,10.7,93.7,101.3
18,52,Bol Bol,PF,24,PHO,43,10.9,2.2,3.5,0.616,0.5,1.2,0.423,1.7,2.3,0.717,0.689,0.3,0.4,0.789,0.7,2.4,3.2,0.4,0.2,0.6,0.4,1.0,5.2,189,Pho,C-F,24.6,3,4.3,10.8,0.0,0,0.0,3,0.333,0,0.0,0.333,0.333,0.7,1.3,0.0,0.3,0.0,0.0,2.0,0.7,2.0,0.0,72.1,94.2
19,54,Devin Booker,PG,27,PHO,68,36.0,9.4,19.2,0.492,2.2,6.1,0.364,7.2,13.0,0.552,0.55,6.0,6.7,0.886,0.8,3.7,4.5,6.9,0.9,0.4,2.6,3.0,27.1,12,Pho,G,27.6,4,41.5,26.6,14.4,41,0.951,45,0.556,20,0.35,0.546,0.662,27.5,3.3,6.0,1.8,0.3,2.8,30.8,33.5,36.8,7.9,130.4,108.4
20,55,Brandon Boston Jr.,SF,22,LAC,32,10.8,2.0,5.0,0.404,0.4,1.6,0.269,1.6,3.4,0.468,0.447,0.7,1.0,0.697,0.6,1.0,1.6,0.4,0.3,0.3,0.8,1.3,5.2,163,Lac,G,22.5,3,3.2,22.9,0.0,2,0.5,4,0.5,0,0.0,0.5,0.512,1.7,0.7,0.3,0.0,0.0,0.0,2.3,2.0,2.7,8.9,0.0,0.0
21,60,Christian Braun,SG,22,DEN,82,20.2,2.7,5.9,0.46,0.8,2.0,0.384,1.9,3.9,0.498,0.525,1.1,1.6,0.694,1.0,2.8,3.7,1.6,0.5,0.4,0.7,1.7,7.3,115,Den,G,23.2,12,17.0,13.9,1.8,16,0.688,36,0.528,18,0.222,0.463,0.5,5.1,2.7,0.8,0.2,0.4,0.1,7.8,5.8,8.5,5.2,115.0,109.6
22,63,Oshae Brissett,SF,25,BOS,55,11.5,1.2,2.8,0.444,0.3,1.0,0.273,1.0,1.8,0.541,0.493,0.9,1.5,0.602,1.1,1.8,2.9,0.8,0.3,0.1,0.4,1.0,3.7,178,Bos,F-G,26.0,8,4.9,10.5,12.5,2,0.0,6,0.5,1,1.0,0.643,0.571,1.1,1.4,0.0,0.4,0.1,0.1,2.5,1.1,2.5,0.0,105.9,103.5
23,71,Jaylen Brown,SF,27,BOS,70,33.5,9.0,17.9,0.499,2.1,5.9,0.354,6.9,12.1,0.57,0.557,3.0,4.3,0.703,1.2,4.3,5.5,3.6,1.2,0.5,2.4,2.6,23.0,16,Bos,F,27.6,17,37.4,28.7,13.6,93,0.645,208,0.635,96,0.344,0.597,0.613,24.9,6.1,3.2,1.2,0.7,2.8,31.0,28.1,34.2,8.4,113.2,107.1
24,72,Kendall Brown,SG,20,IND,15,4.2,0.5,1.0,0.533,0.0,0.1,0.0,0.5,0.9,0.615,0.533,0.3,0.5,0.625,0.2,0.1,0.3,0.3,0.0,0.0,0.1,0.6,1.4,191,Ind,G,21.1,7,3.5,16.5,33.3,0,0.0,6,0.333,0,0.0,0.333,0.333,0.6,0.4,0.3,0.0,0.1,0.4,1.0,0.9,1.3,4.8,0.0,0.0
25,73,Kobe Brown,PF,24,LAC,44,9.0,0.8,2.0,0.411,0.3,1.1,0.292,0.5,1.0,0.548,0.489,0.0,0.0,0.5,0.5,1.0,1.4,0.6,0.3,0.1,0.2,1.1,2.0,207,Lac,F,24.4,3,3.2,0.0,0.0,0,0.0,0,0.0,0,0.0,0.0,0.0,0.0,0.7,0.0,0.0,0.0,0.0,0.7,0.0,0.7,0.0,0.0,0.0
26,76,Jalen Brunson,PG,27,NYK,77,35.4,10.3,21.4,0.479,2.7,6.8,0.401,7.5,14.6,0.516,0.543,5.5,6.5,0.847,0.6,3.1,3.6,6.7,0.9,0.2,2.4,1.9,28.7,2,Nyk,G,27.8,13,39.8,36.4,9.3,120,0.775,256,0.488,84,0.31,0.482,0.536,32.4,3.3,7.5,0.8,0.2,2.7,35.7,39.8,43.2,9.3,114.8,114.7
27,77,Thomas Bryant,C,26,MIA,38,11.6,2.3,3.9,0.577,0.1,0.6,0.182,2.2,3.3,0.646,0.591,1.1,1.2,0.872,1.1,2.7,3.7,0.6,0.3,0.4,0.6,1.2,5.7,104,Mia,C-F,26.9,2,8.9,28.4,21.5,3,0.667,5,1.0,2,0.0,0.714,0.721,6.0,2.5,0.5,0.0,0.0,1.0,8.5,6.5,9.0,8.8,118.1,110.3
28,80,Alec Burks,SG,32,TOT,66,18.4,3.2,8.6,0.369,1.9,5.0,0.376,1.3,3.6,0.36,0.478,2.2,2.5,0.868,0.4,1.9,2.3,1.3,0.4,0.2,0.7,1.1,10.4,45,Nyk,G,32.9,6,20.1,23.4,0.0,32,0.844,22,0.591,28,0.429,0.62,0.694,14.8,3.3,1.0,0.2,0.2,0.0,18.2,15.8,19.2,7.3,152.2,113.5
29,84,Kentavious Caldwell-Pope,SG,30,DEN,76,31.6,3.6,7.7,0.46,1.6,4.1,0.406,1.9,3.7,0.52,0.566,1.3,1.5,0.894,0.4,2.0,2.4,2.4,1.3,0.6,1.0,2.0,10.1,84,Den,G,31.3,12,35.0,11.0,10.4,11,1.0,31,0.516,55,0.327,0.5,0.534,8.1,2.9,2.6,1.4,0.4,0.8,11.0,10.7,13.6,4.5,111.9,109.0
30,88,Wendell Carter Jr.,C,24,ORL,55,25.6,4.1,7.7,0.525,1.2,3.1,0.374,2.9,4.6,0.626,0.6,1.7,2.4,0.694,2.0,4.9,6.9,1.7,0.6,0.5,1.2,2.2,11.0,90,Orl,C,25.2,7,26.4,13.5,9.6,11,0.727,22,0.545,25,0.28,0.479,0.511,7.6,6.3,1.3,0.7,0.6,0.7,13.9,8.9,15.1,6.0,109.5,101.3
31,101,Amir Coffey,SF,26,LAC,70,20.9,2.4,5.0,0.472,1.0,2.6,0.38,1.4,2.4,0.571,0.571,0.9,1.0,0.859,0.4,1.7,2.1,1.1,0.6,0.2,0.5,1.5,6.6,146,Lac,G-F,27.0,6,18.7,11.0,18.5,0,0.0,11,0.364,11,0.273,0.386,0.386,2.8,1.7,0.3,0.3,0.2,0.8,4.5,3.2,4.8,2.4,72.5,116.3
32,104,Mike Conley,PG,36,MIN,76,28.9,3.9,8.5,0.457,2.4,5.3,0.442,1.5,3.1,0.481,0.595,1.3,1.5,0.911,0.5,2.4,2.9,5.9,1.2,0.2,1.3,1.7,11.4,63,Min,G,36.7,15,31.6,17.0,12.1,28,0.714,69,0.464,76,0.395,0.531,0.553,11.6,3.9,5.7,1.4,0.2,1.3,15.5,17.3,21.2,8.1,119.6,104.9
33,105,Pat Connaughton,SF,31,MIL,76,22.1,2.0,4.6,0.435,1.1,3.1,0.345,0.9,1.4,0.633,0.553,0.6,0.8,0.759,0.7,2.5,3.1,2.1,0.5,0.3,0.6,1.3,5.6,120,Mil,G,31.4,6,20.7,10.7,10.5,2,1.0,14,0.571,11,0.273,0.5,0.522,4.5,3.8,2.2,1.0,0.2,0.5,8.3,6.7,10.5,6.5,116.5,112.2
34,110,Jae Crowder,PF,33,MIL,50,23.1,2.3,5.4,0.422,1.2,3.3,0.349,1.1,2.1,0.538,0.53,0.5,0.7,0.722,0.6,2.6,3.2,1.3,0.8,0.2,0.5,1.5,6.2,151,Mil,F,33.9,4,10.5,14.1,0.0,2,1.0,5,0.4,7,0.143,0.292,0.349,2.3,1.5,0.5,0.0,0.5,0.0,3.8,2.8,4.3,4.6,93.4,111.7
35,115,Dyson Daniels,PG,20,NOP,61,22.3,2.3,5.1,0.447,0.7,2.2,0.311,1.6,2.9,0.551,0.514,0.6,0.9,0.642,1.0,2.9,3.9,2.7,1.4,0.4,1.0,1.7,5.8,171,Nor,G,21.2,3,5.7,18.0,14.3,0,0.0,4,0.5,2,0.0,0.333,0.333,1.3,0.7,0.0,0.7,0.0,0.3,2.0,1.3,2.0,0.0,58.6,111.9
36,116,Anthony Davis,C,30,LAL,76,35.5,9.4,16.9,0.556,0.4,1.4,0.271,9.0,15.5,0.582,0.567,5.5,6.8,0.816,3.1,9.5,12.6,3.5,1.2,2.3,2.1,2.3,24.7,10,Lal,C,31.3,5,41.6,25.7,10.5,26,0.808,88,0.67,5,0.0,0.634,0.665,27.8,15.6,4.0,0.4,1.6,2.2,43.4,31.8,47.4,11.6,127.4,105.1
37,122,Mamadi Diakite,PF,27,TOT,6,4.0,0.7,1.0,0.667,0.0,0.2,0.0,0.7,0.8,0.8,0.667,0.7,1.0,0.667,0.2,0.5,0.7,0.3,0.2,0.2,0.2,0.3,2.0,194,Nyk,F,27.4,4,3.7,14.4,22.5,2,1.0,1,0.0,2,0.0,0.0,0.258,0.5,0.8,0.3,0.3,0.3,0.3,1.3,0.8,1.5,5.3,0.0,0.0
38,125,Ousmane Dieng,PF,20,OKC,33,11.1,1.5,3.5,0.422,0.6,2.1,0.3,0.8,1.4,0.609,0.513,0.4,0.5,0.875,0.3,1.2,1.5,1.1,0.2,0.2,0.6,0.7,4.0,193,Okc,F,21.1,4,1.8,12.5,0.0,0,0.0,1,1.0,1,0.0,0.5,0.5,0.5,0.0,0.0,0.0,0.0,0.0,0.5,0.5,0.5,0.0,0.0,0.0
39,126,Spencer Dinwiddie,PG,30,TOT,76,28.3,3.3,8.4,0.392,1.6,4.8,0.337,1.7,3.6,0.467,0.489,2.2,2.8,0.805,0.4,2.3,2.7,4.7,0.7,0.3,1.2,1.8,10.5,142,Lal,G,31.2,5,14.6,11.2,6.6,6,0.5,6,0.5,8,0.25,0.429,0.451,3.0,1.4,1.6,0.4,0.2,0.2,4.4,4.6,6.0,5.2,108.1,109.6
40,127,Donte DiVincenzo,SG,27,NYK,81,29.1,5.5,12.4,0.443,3.5,8.7,0.401,2.0,3.7,0.542,0.584,1.1,1.4,0.754,0.8,2.9,3.7,2.7,1.3,0.4,1.4,2.0,15.5,29,Nyk,G,27.4,13,35.8,20.8,7.7,30,0.867,85,0.412,106,0.425,0.537,0.566,17.8,4.0,2.6,1.2,0.9,1.2,21.8,20.4,24.4,6.4,118.2,111.9
41,129,Luguentz Dort,SF,24,OKC,79,28.4,3.6,8.3,0.438,2.0,5.0,0.394,1.7,3.3,0.506,0.557,1.6,2.0,0.826,0.9,2.7,3.6,1.4,0.9,0.6,0.9,2.9,10.9,69,Okc,F,25.2,10,35.0,14.4,10.7,19,0.842,27,0.296,64,0.391,0.5,0.538,10.7,4.6,2.0,1.3,0.2,1.1,15.3,12.7,17.3,5.3,113.4,104.8
42,137,Kevin Durant,PF,35,PHO,75,37.2,10.0,19.1,0.523,2.2,5.4,0.413,7.8,13.7,0.567,0.581,4.8,5.6,0.856,0.5,6.1,6.6,5.0,0.9,1.2,3.3,1.8,27.1,14,Pho,F,35.7,4,42.1,25.6,12.9,34,0.824,55,0.582,12,0.417,0.59,0.653,26.8,6.5,3.3,0.5,1.5,2.5,33.3,30.0,36.5,7.9,122.6,114.5
43,140,Anthony Edwards,SG,22,MIN,79,35.1,9.1,19.7,0.461,2.4,6.7,0.357,6.7,13.0,0.515,0.522,5.4,6.4,0.836,0.7,4.8,5.4,5.1,1.3,0.5,3.1,1.8,25.9,11,Min,G,22.9,16,40.5,29.5,13.8,102,0.814,209,0.526,115,0.4,0.552,0.598,27.6,7.0,6.5,1.5,0.6,3.3,34.6,34.1,41.1,10.7,116.0,106.7
44,143,Joel Embiid,C,29,PHI,39,33.6,11.5,21.8,0.529,1.4,3.6,0.388,10.2,18.3,0.556,0.561,10.2,11.6,0.883,2.4,8.6,11.0,5.6,1.2,1.7,3.8,2.9,34.7,1,Phi,C,30.2,6,41.4,35.7,15.8,78,0.859,94,0.489,39,0.333,0.492,0.592,33.0,10.8,5.7,1.2,1.5,4.2,43.8,38.7,49.5,12.2,117.1,108.0
45,144,Drew Eubanks,C,26,PHO,75,15.6,2.0,3.4,0.601,0.0,0.0,1.0,2.0,3.3,0.596,0.607,1.0,1.2,0.774,1.4,2.9,4.3,0.8,0.4,0.8,0.8,1.5,5.1,107,Pho,F-C,27.4,3,12.5,19.2,13.9,3,1.0,12,0.583,0,0.0,0.583,0.638,5.7,1.3,0.0,0.7,0.3,0.7,7.0,5.7,7.0,0.0,108.7,100.9
46,146,Dante Exum,PG,28,DAL,55,19.8,2.9,5.5,0.533,1.0,2.0,0.491,2.0,3.5,0.557,0.621,1.0,1.2,0.779,0.5,2.3,2.7,2.9,0.4,0.1,0.9,1.5,7.8,166,Dal,G,28.9,19,6.4,15.6,9.9,4,0.75,21,0.333,15,0.267,0.361,0.384,1.5,0.8,0.6,0.1,0.1,0.2,2.3,2.2,2.9,5.6,90.4,113.2
47,158,Markelle Fultz,PG,25,ORL,43,21.2,3.6,7.6,0.472,0.1,0.4,0.222,3.5,7.2,0.487,0.479,0.5,0.8,0.697,1.3,1.9,3.2,2.8,1.0,0.3,1.2,1.5,7.8,94,Orl,G,26.0,7,15.1,19.1,18.9,9,0.556,33,0.606,1,0.0,0.588,0.593,6.4,2.0,1.1,0.4,0.0,1.1,8.4,7.6,9.6,6.4,107.7,103.8
48,161,Daniel Gafford,C-PF,25,TOT,74,24.5,4.7,6.5,0.725,0.0,0.0,0.0,4.7,6.5,0.725,0.725,1.6,2.4,0.674,2.6,5.0,7.6,1.6,0.9,2.1,1.0,3.1,11.0,77,Dal,F-C,25.7,20,21.2,17.1,13.4,59,0.61,116,0.638,0,0.0,0.638,0.648,9.2,5.8,0.8,0.3,1.6,0.9,15.0,10.0,15.7,6.6,125.6,108.7
49,162,Danilo Gallinari,PF-SF,35,TOT,49,12.9,1.7,3.9,0.437,0.6,1.9,0.323,1.1,2.0,0.546,0.516,1.7,2.0,0.857,0.4,1.8,2.2,1.1,0.3,0.1,0.5,1.0,5.7,132,Mil,F,35.8,3,12.4,13.3,10.7,4,0.75,6,0.667,2,0.0,0.5,0.564,3.7,3.0,0.7,0.0,0.0,0.3,6.7,4.3,7.3,6.4,116.1,118.9
50,163,Darius Garland,PG,24,CLE,57,33.4,6.6,14.8,0.446,2.3,6.2,0.371,4.3,8.5,0.501,0.524,2.6,3.1,0.834,0.5,2.1,2.7,6.5,1.3,0.1,3.1,1.7,18.0,41,Cle,G,24.4,12,36.0,22.4,13.6,21,0.81,100,0.48,71,0.352,0.5,0.522,15.7,3.6,5.8,1.1,0.2,2.3,19.3,21.4,25.0,7.7,104.6,109.4
51,165,Luka Garza,C,25,MIN,25,4.9,1.4,3.0,0.48,0.4,1.3,0.281,1.1,1.7,0.628,0.54,0.7,1.0,0.72,0.8,0.5,1.2,0.2,0.2,0.0,0.2,1.0,4.0,126,Min,C,25.5,7,3.7,27.4,0.0,8,0.875,9,0.889,3,0.667,0.917,0.934,4.1,0.9,0.1,0.0,0.0,0.0,5.0,4.3,5.1,7.8,0.0,0.0
52,168,Paul George,PF,33,LAC,74,33.8,7.9,16.7,0.471,3.3,7.9,0.413,4.6,8.8,0.523,0.569,3.6,3.9,0.907,0.5,4.7,5.2,3.5,1.5,0.5,2.1,2.7,22.6,23,Lac,G,34.1,6,37.1,24.6,12.8,25,0.84,46,0.457,49,0.367,0.505,0.552,19.5,6.8,4.8,1.2,0.5,2.3,26.3,24.3,31.2,9.3,111.1,107.3
53,170,Josh Giddey,SG,21,OKC,80,25.1,5.0,10.6,0.475,1.0,3.0,0.337,4.0,7.6,0.53,0.523,1.3,1.6,0.806,1.4,5.0,6.4,4.8,0.6,0.6,2.1,1.4,12.3,81,Okc,G,21.7,10,18.1,22.8,13.7,8,0.875,41,0.537,34,0.353,0.533,0.554,8.7,3.6,2.1,0.2,0.4,1.2,12.3,10.8,14.4,8.9,107.9,111.3
54,172,Shai Gilgeous-Alexander,PG,25,OKC,75,34.0,10.6,19.8,0.535,1.3,3.6,0.353,9.3,16.2,0.576,0.567,7.6,8.7,0.874,0.9,4.7,5.5,6.2,2.0,0.9,2.2,2.5,30.1,4,Okc,G,25.9,10,39.9,32.3,8.9,81,0.79,187,0.508,37,0.432,0.531,0.582,30.2,7.2,6.4,1.3,1.7,2.2,37.4,36.6,43.8,11.2,118.3,106.9
55,176,Rudy Gobert,C,31,MIN,76,34.1,5.3,8.1,0.661,0.0,0.0,0.0,5.3,8.0,0.664,0.661,3.3,5.1,0.638,3.8,9.2,12.9,1.3,0.7,2.1,1.6,3.1,14.0,60,Min,C,32.0,15,34.2,14.4,18.1,79,0.671,104,0.615,0,0.0,0.615,0.652,12.1,9.8,1.6,0.9,1.0,1.5,21.9,13.7,23.5,6.7,125.4,99.7
56,178,Aaron Gordon,PF,28,DEN,73,31.5,5.5,9.8,0.556,0.5,1.9,0.29,4.9,7.9,0.619,0.584,2.4,3.7,0.658,2.4,4.1,6.5,3.5,0.8,0.6,1.4,1.9,13.9,49,Den,F,28.7,12,37.1,15.3,13.2,28,0.821,91,0.637,27,0.407,0.631,0.66,14.3,7.3,4.4,0.8,0.6,1.5,21.6,18.8,26.0,8.3,133.4,111.6
57,179,Eric Gordon,SG,35,PHO,68,27.8,4.0,9.1,0.443,2.2,5.8,0.378,1.8,3.3,0.561,0.565,0.8,0.9,0.797,0.2,1.6,1.8,2.0,1.0,0.4,1.1,1.2,11.0,85,Pho,G,35.5,4,29.4,14.2,12.4,8,0.875,11,0.182,17,0.412,0.446,0.508,8.0,1.8,1.3,1.3,0.5,1.0,9.8,9.3,11.0,3.6,101.8,116.2
58,189,Josh Green,SG,23,DAL,57,26.4,3.1,6.6,0.479,1.3,3.3,0.385,1.9,3.3,0.572,0.575,0.7,1.0,0.684,0.7,2.5,3.2,2.3,0.8,0.2,1.1,1.9,8.2,119,Dal,G,23.6,20,17.9,11.3,8.5,16,0.813,22,0.5,53,0.358,0.527,0.561,4.6,2.5,1.1,0.8,0.2,0.4,7.1,5.7,8.2,5.2,122.6,110.6
59,194,Rui Hachimura,PF,25,LAL,68,26.9,5.3,9.9,0.537,1.4,3.4,0.422,3.9,6.5,0.597,0.609,1.5,2.0,0.739,0.9,3.5,4.3,1.2,0.6,0.4,0.7,1.5,13.6,89,Lal,F,26.3,5,30.5,13.2,5.0,8,0.5,24,0.417,14,0.357,0.461,0.47,7.8,3.8,0.8,0.0,0.0,0.4,11.6,8.6,12.4,3.8,101.3,115.7
60,196,Tyrese Haliburton,PG,23,IND,69,32.2,7.2,15.2,0.477,2.8,7.8,0.364,4.4,7.4,0.595,0.57,2.8,3.3,0.855,0.5,3.4,3.9,10.9,1.2,0.7,2.3,1.1,20.1,26,Ind,G,24.3,15,34.8,22.1,12.6,20,0.85,75,0.693,140,0.379,0.612,0.626,18.7,4.8,8.2,1.3,0.7,2.1,23.5,26.9,31.7,10.4,126.8,120.6
61,198,Tim Hardaway Jr.,SF,31,DAL,79,26.8,5.0,12.4,0.402,2.7,7.6,0.353,2.3,4.8,0.478,0.51,1.8,2.1,0.852,0.3,2.9,3.2,1.8,0.5,0.1,0.9,1.3,14.4,127,Dal,G-F,32.2,12,13.1,16.0,3.8,8,0.5,21,0.429,29,0.276,0.42,0.43,3.8,1.8,0.3,0.4,0.1,0.2,5.7,4.2,6.0,3.9,91.2,113.8
62,199,James Harden,PG,34,LAC,72,34.3,4.9,11.4,0.428,2.6,6.8,0.381,2.3,4.6,0.497,0.541,4.2,4.8,0.878,0.5,4.7,5.1,8.5,1.1,0.8,2.6,1.8,16.6,21,Lac,G,34.8,6,40.3,22.1,13.5,32,0.906,42,0.524,47,0.383,0.551,0.616,21.2,4.5,8.0,1.0,1.0,2.3,25.7,29.2,33.7,9.1,127.4,115.0
63,200,Jaden Hardy,SG,21,DAL,73,13.5,2.7,6.6,0.407,1.1,3.1,0.362,1.6,3.5,0.447,0.492,0.8,1.0,0.776,0.3,1.5,1.8,1.5,0.3,0.1,0.8,1.1,7.3,124,Dal,G,21.9,17,6.6,29.6,10.2,13,0.769,36,0.444,25,0.4,0.508,0.54,4.2,0.7,0.8,0.2,0.0,0.4,4.9,5.0,5.7,8.1,106.4,109.2
64,202,Gary Harris,SG,29,ORL,54,24.0,2.4,5.5,0.441,1.4,3.8,0.371,1.0,1.7,0.598,0.569,0.6,0.8,0.756,0.4,1.2,1.7,1.6,0.9,0.3,0.6,1.7,6.9,123,Orl,G,29.7,6,26.5,8.5,6.6,2,1.0,6,0.167,22,0.318,0.411,0.433,4.2,2.0,0.7,1.2,0.5,0.3,6.2,4.8,6.8,2.7,99.6,103.4
65,205,Tobias Harris,PF,31,PHI,70,33.8,6.6,13.6,0.487,1.3,3.7,0.353,5.3,9.9,0.537,0.535,2.7,3.0,0.878,1.1,5.3,6.5,3.1,1.0,0.7,1.3,1.6,17.2,78,Phi,F,31.9,6,36.4,11.8,5.5,4,1.0,33,0.485,18,0.333,0.49,0.512,9.0,7.2,1.5,0.2,0.5,0.5,16.2,10.5,17.7,5.1,113.1,113.7
66,207,Josh Hart,SF,28,NYK,81,33.4,3.6,8.4,0.434,1.0,3.2,0.31,2.7,5.2,0.511,0.493,1.1,1.4,0.791,1.6,6.8,8.3,4.1,0.9,0.3,1.5,2.1,9.4,48,Nyk,G,29.3,13,42.1,16.5,18.4,48,0.729,91,0.484,59,0.373,0.513,0.552,14.5,11.5,4.5,1.0,0.8,2.6,26.1,19.1,30.6,8.6,112.7,107.5
67,208,Isaiah Hartenstein,C,25,NYK,75,25.3,3.1,4.9,0.644,0.0,0.0,0.333,3.1,4.8,0.646,0.645,1.5,2.1,0.707,3.3,5.1,8.3,2.5,1.2,1.1,1.2,2.8,7.8,82,Nyk,C-F,26.1,13,29.8,11.9,19.9,22,0.864,74,0.595,2,0.5,0.599,0.642,8.5,7.8,3.5,0.3,0.9,1.5,16.3,12.0,19.8,8.2,132.0,106.8
68,209,Sam Hauser,SF,26,BOS,79,22.0,3.2,7.1,0.446,2.5,5.9,0.424,0.7,1.2,0.559,0.623,0.2,0.2,0.895,0.6,2.9,3.5,1.0,0.5,0.3,0.4,1.3,9.0,118,Bos,F,26.5,17,14.5,14.1,4.1,4,1.0,11,0.636,59,0.356,0.55,0.564,4.8,2.0,0.6,0.2,0.2,0.2,6.8,5.4,7.4,4.9,117.9,108.3
69,210,Jordan Hawkins,SG,21,NOP,67,17.3,2.6,6.8,0.382,1.6,4.4,0.366,1.0,2.4,0.411,0.501,1.0,1.2,0.838,0.4,1.8,2.2,1.0,0.3,0.1,0.6,1.1,7.8,206,Nor,G,22.1,3,3.8,15.2,0.0,0,0.0,1,0.0,3,0.0,0.0,0.0,0.0,0.7,0.0,0.0,0.0,0.0,0.7,0.0,0.7,0.0,0.0,0.0
70,211,Jaxson Hayes,C,23,LAL,70,12.5,1.8,2.5,0.72,0.0,0.1,0.0,1.8,2.4,0.754,0.72,0.7,1.2,0.622,1.0,2.0,3.0,0.5,0.5,0.4,0.6,1.8,4.3,195,Lal,C-F,24.1,4,6.0,9.4,47.4,2,0.5,2,0.0,0,0.0,0.0,0.174,0.3,3.0,0.3,0.0,0.0,0.5,3.3,0.5,3.5,4.3,70.8,82.6
71,213,Gordon Hayward,SF,33,TOT,51,24.4,3.7,7.9,0.464,0.7,1.8,0.411,2.9,6.1,0.479,0.51,1.7,2.4,0.742,0.7,2.8,3.5,3.1,0.8,0.3,1.3,1.3,9.8,210,Okc,F,34.2,7,6.6,3.0,0.0,0,0.0,3,0.0,0,0.0,0.0,0.0,0.0,1.9,0.4,0.1,0.1,0.0,1.9,0.4,2.3,0.0,76.5,108.0
72,216,Tyler Herro,SG,24,MIA,42,33.5,7.7,17.5,0.441,3.1,7.9,0.396,4.6,9.6,0.478,0.531,2.3,2.6,0.856,0.5,4.8,5.3,4.5,0.7,0.1,2.2,1.5,20.8,34,Mia,G,24.4,5,37.0,25.5,15.2,10,0.9,35,0.429,43,0.349,0.481,0.51,16.8,3.6,5.4,0.4,0.0,2.8,20.4,22.2,25.8,7.4,98.9,111.8
73,217,Buddy Hield,SF-SG,31,TOT,84,25.7,4.4,10.1,0.436,2.6,6.8,0.386,1.8,3.4,0.539,0.565,0.6,0.7,0.881,0.7,2.5,3.2,2.8,0.8,0.5,1.2,2.0,12.1,111,Phi,G,31.5,4,12.8,18.0,10.3,2,1.0,4,0.25,13,0.462,0.588,0.615,5.5,1.3,0.5,0.0,0.3,0.5,6.8,6.0,7.3,4.8,117.8,114.0
74,218,Haywood Highsmith,PF,27,MIA,66,20.7,2.3,5.0,0.465,1.2,2.9,0.396,1.2,2.1,0.562,0.581,0.3,0.5,0.639,1.0,2.2,3.2,1.1,0.8,0.5,0.5,1.8,6.1,117,Mia,F,27.5,5,25.1,12.6,12.3,1,1.0,12,0.583,16,0.188,0.411,0.422,4.8,2.8,1.6,0.2,0.2,0.8,7.6,6.4,9.2,4.4,89.1,105.6
75,222,Jrue Holiday,PG,33,BOS,69,32.8,4.8,10.0,0.48,2.0,4.7,0.429,2.8,5.3,0.526,0.581,0.9,1.0,0.833,1.2,4.2,5.4,4.8,0.9,0.8,1.8,1.6,12.5,54,Bos,G,34.0,17,38.1,14.4,11.5,22,0.955,89,0.607,80,0.4,0.604,0.63,13.2,5.9,4.5,1.2,0.6,1.3,19.2,17.8,23.7,7.4,132.0,109.4
76,223,Justin Holiday,SG,34,DEN,58,14.9,1.5,3.3,0.454,0.9,2.3,0.404,0.6,1.0,0.569,0.595,0.1,0.1,0.75,0.2,1.1,1.2,1.2,0.6,0.2,0.2,1.2,4.0,143,Den,F-G,35.2,12,12.5,12.2,7.8,4,0.5,6,0.0,29,0.379,0.471,0.476,2.9,1.7,0.3,0.5,0.0,0.3,4.6,3.3,4.9,3.6,95.5,105.1
77,225,Chet Holmgren,C,21,OKC,82,29.4,6.2,11.6,0.53,1.6,4.3,0.37,4.6,7.4,0.623,0.598,2.7,3.4,0.793,1.6,6.3,7.9,2.4,0.6,2.3,1.6,2.4,16.5,42,Okc,C,22.1,10,34.5,20.2,13.7,33,0.758,69,0.667,50,0.26,0.55,0.584,15.6,7.2,2.1,0.7,2.5,1.9,22.8,17.7,24.9,7.2,110.7,107.5
78,227,Al Horford,C,37,BOS,65,26.8,3.3,6.4,0.511,1.7,4.0,0.419,1.6,2.5,0.658,0.64,0.4,0.5,0.867,1.3,5.1,6.4,2.6,0.6,1.0,0.7,1.4,8.6,72,Bos,C-F,38.0,17,30.6,13.1,7.7,9,0.667,40,0.75,91,0.352,0.595,0.6,9.5,7.1,2.0,0.7,0.9,0.6,16.6,11.5,18.6,6.7,128.1,109.4
79,230,Caleb Houstan,SF,21,ORL,59,13.8,1.4,3.5,0.388,1.2,3.3,0.373,0.1,0.2,0.615,0.563,0.4,0.4,0.808,0.5,0.9,1.4,0.5,0.3,0.1,0.3,1.0,4.3,182,Orl,G,21.4,3,4.7,6.3,0.0,0,0.0,0,0.0,2,0.5,0.75,0.75,1.0,0.7,0.0,0.0,0.0,0.0,1.7,1.0,1.7,0.0,158.0,118.0
80,231,Jett Howard,SF,20,ORL,18,3.7,0.6,1.7,0.333,0.4,1.4,0.28,0.2,0.3,0.6,0.45,0.1,0.2,0.5,0.1,0.3,0.4,0.3,0.1,0.1,0.2,0.2,1.6,149,Orl,G,20.7,2,4.9,22.4,40.0,0,0.0,2,0.5,1,1.0,0.833,0.833,2.5,0.5,0.5,0.0,0.0,1.0,3.0,3.0,3.5,7.0,91.9,106.0
81,236,Bones Hyland,PG,23,LAC,37,14.6,2.6,6.8,0.386,1.2,3.6,0.326,1.4,3.1,0.457,0.474,0.5,0.6,0.783,0.1,1.4,1.5,2.5,0.7,0.1,1.2,1.4,6.9,131,Lac,G,23.7,3,4.0,37.4,11.8,4,1.0,2,1.0,5,0.2,0.5,0.628,3.7,0.7,1.3,0.0,0.0,0.3,4.3,5.0,5.7,15.0,134.2,120.4
82,237,Joe Ingles,SF,36,ORL,68,17.2,1.5,3.3,0.436,1.0,2.4,0.435,0.4,1.0,0.439,0.59,0.4,0.5,0.824,0.3,1.8,2.1,3.0,0.6,0.1,1.0,1.3,4.4,164,Orl,F-G,36.7,7,9.6,8.4,0.0,2,0.5,5,0.4,7,0.286,0.417,0.427,1.6,1.9,1.7,0.4,0.0,0.0,3.4,3.3,5.1,7.2,129.3,107.9
83,238,Brandon Ingram,SF,26,NOP,64,32.9,7.8,15.9,0.492,1.3,3.8,0.355,6.5,12.1,0.534,0.534,3.8,4.8,0.801,0.7,4.4,5.1,5.7,0.8,0.6,2.5,2.3,20.8,50,Nor,F,26.8,4,36.4,21.8,14.0,19,0.895,47,0.362,8,0.25,0.364,0.45,14.3,4.5,3.3,1.0,1.3,2.3,18.8,17.5,22.0,6.6,92.4,111.4
84,239,Kyrie Irving,SG,31,DAL,58,35.0,9.7,19.5,0.497,3.0,7.3,0.411,6.7,12.2,0.548,0.573,3.3,3.6,0.905,0.8,4.2,5.0,5.2,1.3,0.5,1.8,1.9,25.6,18,Dal,G,32.2,20,40.4,25.0,11.9,71,0.845,243,0.502,121,0.405,0.537,0.571,22.6,3.7,4.9,1.1,0.4,2.5,26.3,27.5,31.2,7.4,112.3,112.7
85,240,Jonathan Isaac,PF,26,ORL,58,15.8,2.5,4.9,0.51,0.7,1.9,0.375,1.8,3.0,0.598,0.584,1.0,1.4,0.72,1.3,3.2,4.5,0.5,0.7,1.2,0.5,1.1,6.8,100,Orl,F,26.7,7,21.0,13.1,9.2,2,1.0,12,0.5,27,0.37,0.538,0.552,6.3,4.9,0.4,0.7,1.3,0.6,11.1,6.7,11.6,4.4,112.8,108.1
86,242,Andre Jackson Jr.,SG,22,MIL,57,10.0,0.9,1.8,0.5,0.3,0.8,0.37,0.6,0.9,0.611,0.585,0.1,0.2,0.727,0.8,1.2,2.0,0.9,0.3,0.1,0.5,1.6,2.2,150,Mil,G,22.6,5,11.9,10.8,21.4,0,0.0,5,0.6,6,0.333,0.545,0.545,2.4,2.2,2.0,1.0,0.2,0.6,4.6,4.4,6.6,7.4,123.9,98.8
87,244,Isaiah Jackson,C,22,IND,59,13.1,2.6,3.9,0.665,0.0,0.1,0.0,2.6,3.9,0.677,0.665,1.2,1.7,0.716,1.6,2.4,4.0,0.8,0.6,1.0,0.7,2.3,6.5,128,Ind,F,22.4,15,10.2,16.2,8.5,18,0.611,43,0.535,0,0.0,0.535,0.56,3.8,3.2,0.5,0.2,0.9,0.3,7.0,4.3,7.5,7.2,124.9,105.3
88,248,Reggie Jackson,PG,33,DEN,82,22.2,4.0,9.2,0.431,1.2,3.5,0.359,2.7,5.8,0.475,0.499,1.0,1.2,0.806,0.4,1.5,1.9,3.8,0.5,0.2,1.3,1.8,10.2,133,Den,G,34.2,12,9.8,22.3,14.2,2,1.0,25,0.32,23,0.348,0.417,0.43,3.5,1.3,1.0,0.2,0.1,0.7,4.8,4.5,5.8,6.8,87.0,107.6
89,250,LeBron James,PF,39,LAL,71,35.3,9.6,17.9,0.54,2.1,5.1,0.41,7.5,12.8,0.592,0.599,4.3,5.7,0.75,0.9,6.4,7.3,8.3,1.3,0.5,3.5,1.1,25.7,9,Lal,F,39.5,5,40.8,29.0,16.1,23,0.739,73,0.63,26,0.385,0.616,0.637,27.8,6.8,8.8,2.4,1.0,3.8,34.6,36.6,43.4,11.6,118.5,110.4
90,251,Jaime Jaquez Jr.,SF,22,MIA,75,28.2,4.5,9.3,0.489,0.9,2.7,0.322,3.7,6.6,0.558,0.536,1.9,2.3,0.811,1.1,2.7,3.8,2.6,1.0,0.3,1.5,2.2,11.9,58,Mia,G,23.3,4,30.6,24.8,11.8,7,0.857,39,0.462,13,0.231,0.433,0.463,12.8,3.3,3.0,0.8,0.5,1.8,16.0,15.8,19.0,6.6,93.1,111.7
91,253,DaQuan Jeffries,SG,26,NYK,17,2.7,0.4,1.0,0.353,0.1,0.6,0.2,0.2,0.4,0.571,0.412,0.0,0.1,0.0,0.0,0.3,0.3,0.3,0.0,0.1,0.2,0.1,0.8,155,Nyk,G-F,26.8,4,5.0,17.5,0.0,0,0.0,3,0.333,5,0.4,0.5,0.5,2.0,1.0,0.0,0.3,0.0,0.0,3.0,2.0,3.0,0.0,111.6,104.8
92,256,Isaiah Joe,SG,24,OKC,78,18.5,2.8,6.2,0.458,1.9,4.5,0.416,1.0,1.7,0.568,0.609,0.6,0.7,0.865,0.4,1.9,2.3,1.3,0.6,0.3,0.6,1.1,8.2,95,Okc,G,24.9,10,17.3,15.5,8.5,0,0.0,15,0.533,39,0.41,0.593,0.593,6.4,2.2,1.0,0.5,0.0,0.5,8.6,7.4,9.6,5.6,114.6,111.4
93,259,James Johnson,PF,36,IND,9,5.2,0.3,1.1,0.3,0.0,0.2,0.0,0.3,0.9,0.375,0.3,0.2,0.2,1.0,0.1,0.3,0.4,0.9,0.6,0.1,0.6,1.0,0.9,180,Ind,F,37.3,1,1.0,85.0,82.0,2,0.5,0,0.0,0,0.0,0.0,0.568,1.0,0.0,0.0,0.0,0.0,1.0,1.0,1.0,1.0,0.0,0.0,0.0
94,265,Damian Jones,C,28,CLE,39,6.9,1.1,1.8,0.597,0.1,0.4,0.214,1.0,1.5,0.69,0.618,0.5,0.5,0.857,0.5,1.1,1.6,0.4,0.2,0.3,0.3,0.7,2.7,198,Cle,C,29.0,2,4.6,10.1,100.0,0,0.0,0,0.0,0,0.0,0.0,0.0,0.0,1.0,1.0,0.0,0.5,1.0,1.0,1.0,2.0,0.0,0.0,119.5
95,266,Derrick Jones Jr.,SF,26,DAL,76,23.5,3.1,6.5,0.483,1.1,3.1,0.343,2.1,3.4,0.613,0.566,1.3,1.8,0.713,1.1,2.2,3.3,1.0,0.7,0.7,0.9,1.6,8.6,75,Dal,F,27.3,20,30.4,13.3,10.8,28,0.75,89,0.551,59,0.373,0.554,0.577,9.3,3.7,1.4,0.6,1.0,0.9,13.0,10.6,14.3,4.8,117.0,112.0
96,267,Herbert Jones,SF,25,NOP,76,30.5,3.9,7.7,0.498,1.5,3.6,0.418,2.4,4.1,0.568,0.595,1.8,2.1,0.867,1.0,2.6,3.6,2.6,1.4,0.8,1.2,2.9,11.0,56,Nor,G,25.7,4,35.2,17.8,21.0,12,1.0,17,0.471,24,0.333,0.488,0.562,13.0,5.0,2.5,1.3,0.3,2.8,18.0,15.5,20.5,6.2,103.7,105.7
97,271,DeAndre Jordan,C,35,DEN,36,11.0,1.6,2.6,0.624,0.0,0.0,0.0,1.6,2.6,0.624,0.624,0.7,1.5,0.491,1.5,2.9,4.4,0.7,0.2,0.4,0.6,1.6,3.9,154,Den,C,35.9,2,6.6,10.1,0.0,2,1.0,2,0.5,0,0.0,0.5,0.694,2.0,1.5,0.0,0.5,0.5,0.0,3.5,2.0,3.5,0.0,158.9,79.2
98,279,Maxi Kleber,C,32,DAL,43,20.3,1.5,3.4,0.432,0.7,2.1,0.348,0.7,1.3,0.574,0.541,0.8,1.1,0.702,0.7,2.6,3.3,1.6,0.4,0.7,0.7,1.8,4.4,129,Dal,C,32.4,11,16.6,10.2,12.7,4,0.5,9,0.333,25,0.44,0.574,0.573,3.7,1.9,1.0,0.2,0.4,0.5,5.6,4.7,6.6,4.6,112.7,109.9
99,283,Luke Kornet,C,28,BOS,63,15.6,2.3,3.2,0.7,0.0,0.0,1.0,2.2,3.2,0.698,0.702,0.8,0.9,0.907,1.9,2.3,4.1,1.1,0.4,1.0,0.3,1.2,5.3,134,Bos,C-F,28.9,11,11.0,12.2,22.8,13,0.846,20,0.7,0,0.0,0.7,0.758,3.5,3.6,0.5,0.1,0.5,0.5,7.2,4.0,7.6,6.7,143.7,105.6
100,290,A.J. Lawson,SG,23,DAL,42,7.4,1.3,2.9,0.446,0.3,1.2,0.26,1.0,1.7,0.577,0.5,0.4,0.5,0.652,0.3,0.9,1.2,0.5,0.2,0.1,0.3,0.5,3.2,179,Dal,G,23.9,8,2.4,18.5,0.0,2,0.5,1,1.0,6,0.333,0.571,0.571,1.1,0.4,0.0,0.0,0.1,0.0,1.5,1.1,1.5,0.0,0.0,0.0
101,293,Kawhi Leonard,SF,32,LAC,68,34.3,9.0,17.1,0.525,2.1,4.9,0.417,6.9,12.1,0.569,0.585,3.7,4.2,0.885,1.2,4.9,6.1,3.6,1.6,0.9,1.8,1.4,23.7,61,Lac,F,33.0,2,29.8,22.5,14.1,3,0.667,19,0.579,5,0.0,0.458,0.474,12.0,8.0,2.0,2.0,0.5,2.0,20.0,14.0,22.0,7.7,94.0,109.1
102,294,Caris LeVert,SG,29,CLE,68,28.8,5.1,12.1,0.421,1.6,4.9,0.325,3.5,7.2,0.486,0.487,2.3,3.0,0.766,0.6,3.5,4.1,5.1,1.1,0.5,1.7,1.8,14.0,71,Cle,G,29.8,11,25.3,21.3,12.0,26,0.654,69,0.551,33,0.182,0.461,0.489,10.1,3.6,2.3,0.8,0.5,1.3,13.7,12.4,16.0,6.9,99.4,111.7
103,297,E.J. Liddell,PF,23,NOP,8,2.9,0.1,0.8,0.167,0.0,0.6,0.0,0.1,0.1,1.0,0.167,0.3,0.3,1.0,0.0,0.6,0.6,0.1,0.3,0.3,0.3,0.3,0.5,203,Nor,F,23.5,1,2.5,0.0,0.0,0,0.0,0,0.0,0,0.0,0.0,0.0,0.0,1.0,0.0,0.0,0.0,0.0,1.0,0.0,1.0,0.0,0.0,0.0
104,298,Damian Lillard,PG,33,MIL,73,35.3,7.4,17.5,0.424,3.0,8.5,0.354,4.4,9.0,0.49,0.51,6.5,7.0,0.92,0.5,3.9,4.4,7.0,1.0,0.2,2.6,1.8,24.3,3,Mil,G,33.9,4,39.1,31.4,10.0,38,0.974,33,0.424,48,0.417,0.543,0.64,31.3,3.3,5.0,1.0,0.0,2.3,34.5,36.3,39.5,8.2,127.6,115.7
105,299,Nassir Little,SF,23,PHO,45,10.2,1.3,2.8,0.46,0.5,1.6,0.3,0.8,1.2,0.667,0.544,0.4,0.4,0.85,0.3,1.4,1.7,0.5,0.2,0.2,0.3,0.9,3.4,159,Pho,F-G,24.3,4,3.4,17.2,0.0,0,0.0,2,1.0,3,0.333,0.7,0.7,1.8,0.3,0.0,0.0,0.0,0.0,2.0,1.8,2.0,0.0,0.0,0.0
106,300,Dereck Lively II,C,19,DAL,55,23.5,4.0,5.4,0.747,0.0,0.0,0.0,4.0,5.3,0.752,0.747,0.7,1.5,0.506,2.5,4.4,6.9,1.1,0.7,1.4,0.9,2.6,8.8,86,Dal,C,20.3,19,21.9,14.5,18.5,57,0.596,88,0.67,0,0.0,0.67,0.672,8.0,7.4,1.4,0.4,1.0,1.1,15.4,9.4,16.8,8.0,131.3,105.2
107,302,Chris Livingston,SF,20,MIL,21,4.3,0.5,1.0,0.5,0.0,0.2,0.2,0.5,0.8,0.588,0.523,0.1,0.2,0.75,0.1,0.9,1.0,0.2,0.1,0.0,0.2,0.7,1.2,183,Mil,F,20.7,2,3.1,17.2,0.0,3,0.0,1,1.0,0,0.0,1.0,0.431,1.0,0.0,0.0,0.0,0.0,0.0,1.0,1.0,1.0,0.0,0.0,0.0
108,305,Brook Lopez,C,35,MIL,79,30.5,4.6,9.6,0.485,1.9,5.1,0.366,2.8,4.4,0.621,0.583,1.4,1.7,0.821,1.5,3.7,5.2,1.6,0.5,2.4,1.0,2.4,12.5,30,Mil,C,36.2,6,33.4,20.8,10.7,15,0.533,52,0.654,23,0.435,0.653,0.65,17.7,4.3,1.8,0.0,1.3,1.5,22.0,19.5,23.8,6.2,121.3,117.2
109,307,Kevin Love,PF,35,MIA,55,16.8,2.9,6.5,0.44,1.5,4.4,0.344,1.3,2.1,0.643,0.557,1.5,2.0,0.787,1.1,5.1,6.1,2.1,0.3,0.2,0.9,1.8,8.8,158,Mia,F,35.8,5,6.4,16.8,18.2,0,0.0,5,0.6,4,0.25,0.5,0.5,1.8,2.8,0.8,0.0,0.0,0.4,4.6,2.6,5.4,9.9,99.1,103.1
110,308,Kyle Lowry,PG,37,TOT,60,28.2,2.7,6.3,0.432,1.6,4.2,0.392,1.1,2.1,0.512,0.562,1.1,1.3,0.84,0.6,2.7,3.2,4.2,1.0,0.4,1.4,2.4,8.1,93,Phi,G,38.2,6,29.3,11.2,11.0,15,0.8,8,0.375,24,0.333,0.469,0.544,7.0,3.5,4.0,1.0,0.7,0.7,10.5,11.0,14.5,6.3,128.1,105.2
111,313,Terance Mann,SG,27,LAC,75,25.0,3.4,6.6,0.515,0.9,2.7,0.348,2.4,3.9,0.633,0.587,1.1,1.3,0.832,1.2,2.2,3.4,1.6,0.6,0.2,0.6,1.9,8.8,76,Lac,G-F,27.7,6,31.2,13.3,9.7,8,1.0,24,0.375,22,0.455,0.522,0.565,9.3,5.0,1.8,0.0,0.0,0.8,14.3,11.2,16.2,5.6,125.2,112.1
112,317,Naji Marshall,SF,26,NOP,66,19.0,2.6,5.6,0.463,0.9,2.3,0.387,1.7,3.3,0.516,0.542,1.0,1.3,0.791,0.8,2.8,3.6,1.9,0.7,0.2,1.0,1.4,7.1,79,Nor,F,26.4,4,21.0,17.0,6.6,6,1.0,13,0.462,15,0.4,0.536,0.587,9.0,2.8,1.3,0.5,0.5,0.5,11.8,10.3,13.0,6.1,122.3,106.4
113,318,Caleb Martin,SF,28,MIA,64,27.4,3.8,8.7,0.431,1.3,3.6,0.349,2.5,5.1,0.489,0.504,1.2,1.5,0.778,1.2,3.2,4.4,2.2,0.7,0.5,1.2,2.0,10.0,64,Mia,F,28.7,5,35.1,14.0,6.2,5,1.0,20,0.5,25,0.44,0.589,0.614,11.6,3.6,1.4,0.6,0.0,0.6,15.2,13.0,16.6,4.4,122.6,109.2
114,324,Tyrese Maxey,PG,23,PHI,70,37.5,9.1,20.3,0.45,3.0,8.1,0.373,6.1,12.1,0.501,0.524,4.7,5.4,0.868,0.5,3.2,3.7,6.2,1.0,0.5,1.7,2.2,25.9,5,Phi,G,23.6,6,44.6,28.1,8.6,28,0.893,83,0.53,55,0.4,0.558,0.595,29.8,5.2,6.8,0.8,0.3,2.2,35.0,36.7,41.8,9.1,120.9,113.3
115,326,Miles McBride,PG,23,NYK,68,19.5,3.0,6.7,0.452,1.6,3.9,0.41,1.4,2.8,0.511,0.572,0.6,0.7,0.86,0.5,1.0,1.5,1.7,0.7,0.1,0.4,1.6,8.3,67,Nyk,G,23.8,13,26.7,17.8,8.1,12,0.833,56,0.518,68,0.368,0.536,0.553,11.0,2.2,1.9,0.5,0.2,0.8,13.2,12.9,15.2,5.4,115.2,110.7
116,327,CJ McCollum,PG,32,NOP,66,32.7,7.3,16.0,0.459,3.6,8.4,0.429,3.7,7.5,0.492,0.572,1.7,2.1,0.827,0.6,3.7,4.3,4.6,0.9,0.6,1.7,1.9,20.0,28,Nor,G,32.7,4,36.9,27.0,17.7,2,1.0,45,0.533,29,0.241,0.466,0.474,17.8,4.8,4.8,1.8,0.8,4.0,22.5,22.5,27.3,8.1,88.1,105.8
117,328,T.J. McConnell,PG,31,IND,71,18.2,4.6,8.4,0.556,0.3,0.6,0.409,4.4,7.7,0.568,0.572,0.7,0.9,0.79,0.5,2.2,2.7,5.5,1.0,0.1,1.5,1.1,10.2,62,Ind,G,32.2,17,20.5,27.6,10.2,15,0.867,159,0.522,26,0.269,0.505,0.522,11.8,3.1,5.1,0.9,0.1,1.2,14.8,16.8,19.9,11.1,113.1,114.8
118,329,Jaden McDaniels,SF,23,MIN,72,29.2,4.3,8.7,0.489,1.2,3.5,0.337,3.1,5.2,0.592,0.557,0.8,1.1,0.722,0.8,2.3,3.1,1.4,0.9,0.6,1.2,3.0,10.5,59,Min,F,23.7,16,33.6,14.6,10.8,35,0.771,84,0.571,56,0.429,0.6,0.627,12.2,3.8,1.1,0.9,1.1,1.1,16.0,13.3,17.1,4.4,121.5,104.9
119,331,Doug McDermott,SF,32,TOT,64,14.1,1.9,4.4,0.433,1.5,3.6,0.41,0.5,0.9,0.527,0.599,0.2,0.3,0.579,0.2,0.8,0.9,1.1,0.3,0.0,0.4,1.0,5.5,172,Ind,F,32.4,10,6.4,8.5,8.3,0,0.0,3,0.667,8,0.375,0.591,0.591,1.3,0.3,0.7,0.0,0.2,0.1,1.6,2.0,2.3,4.1,132.5,119.9
120,334,Jordan McLaughlin,PG,27,MIN,56,11.2,1.3,2.6,0.483,0.8,1.6,0.472,0.5,1.0,0.5,0.628,0.2,0.3,0.722,0.3,1.0,1.3,2.0,0.6,0.1,0.3,0.6,3.5,188,Min,G,28.2,6,5.0,18.1,18.2,2,0.0,4,0.5,5,0.0,0.222,0.202,0.7,0.7,0.3,0.0,0.0,0.3,1.3,1.0,1.7,4.2,45.4,112.0
121,335,De'Anthony Melton,SG,25,PHI,38,26.9,3.7,9.5,0.386,2.0,5.6,0.36,1.6,3.8,0.425,0.493,1.7,2.1,0.835,0.7,3.0,3.7,3.0,1.6,0.4,1.0,2.2,11.1,199,Phi,G,26.0,1,7.2,12.8,0.0,0,0.0,0,0.0,2,0.0,0.0,0.0,0.0,1.0,1.0,0.0,0.0,0.0,1.0,1.0,2.0,0.0,33.1,104.6
122,337,Sam Merrill,SG,27,CLE,61,17.5,2.6,6.4,0.402,2.3,5.8,0.404,0.2,0.6,0.385,0.584,0.4,0.5,0.929,0.4,1.6,2.0,1.8,0.3,0.1,0.3,1.2,8.0,137,Cle,G,28.1,10,12.5,11.3,0.0,3,1.0,2,0.0,27,0.37,0.517,0.544,3.3,1.2,0.9,0.0,0.0,0.0,4.5,4.2,5.4,4.9,125.7,112.3
123,340,Khris Middleton,SF,32,MIL,55,27.0,5.8,11.7,0.493,1.7,4.5,0.381,4.1,7.2,0.563,0.566,1.8,2.2,0.833,0.7,3.9,4.7,5.3,0.9,0.3,2.3,2.6,15.1,17,Mil,F,32.8,6,38.3,28.2,10.9,30,0.9,83,0.53,31,0.355,0.531,0.582,24.7,9.2,4.7,0.5,0.2,2.3,33.8,29.3,38.5,10.7,117.0,107.1
124,343,Leonard Miller,SF,20,MIN,17,3.1,0.8,1.2,0.65,0.1,0.3,0.4,0.6,0.9,0.733,0.7,0.1,0.1,0.5,0.3,0.9,1.2,0.5,0.1,0.1,0.1,0.3,1.7,205,Min,F,20.5,3,2.3,6.7,0.0,0,0.0,0,0.0,1,0.0,0.0,0.0,0.0,1.3,0.0,0.0,0.0,0.0,1.3,0.0,1.3,0.0,0.0,0.0
125,345,Patty Mills,PG,35,TOT,32,13.0,1.4,4.1,0.351,0.8,2.7,0.276,0.7,1.4,0.5,0.443,0.3,0.3,1.0,0.3,0.8,1.1,1.1,0.6,0.0,0.5,1.0,4.0,106,Mia,G,35.8,3,17.2,18.8,5.5,4,0.75,6,0.5,11,0.273,0.441,0.48,6.0,0.3,1.0,0.3,0.0,0.3,6.3,7.0,7.3,2.8,102.8,115.7
126,346,Shake Milton,SG,27,TOT,48,12.1,1.6,4.1,0.405,0.4,1.3,0.281,1.3,2.7,0.466,0.451,0.8,1.0,0.816,0.3,1.3,1.6,1.3,0.4,0.1,0.6,1.1,4.5,175,Nyk,G-F,27.7,4,5.5,17.2,0.0,6,0.833,4,0.0,2,0.0,0.0,0.289,1.3,0.3,0.5,0.3,0.0,0.0,1.5,1.8,2.0,4.2,84.6,119.5
127,348,Josh Minott,SF,21,MIN,32,2.8,0.5,1.1,0.472,0.1,0.3,0.4,0.4,0.8,0.5,0.528,0.4,0.4,0.857,0.1,0.4,0.5,0.3,0.2,0.2,0.1,0.3,1.6,177,Min,F,21.5,5,3.6,22.6,0.0,0,0.0,4,0.0,5,0.4,0.333,0.333,1.2,1.0,0.6,0.0,0.0,0.0,2.2,1.8,2.8,10.0,0.0,0.0
128,350,Donovan Mitchell,SG,27,CLE,55,35.3,9.1,19.8,0.462,3.3,9.0,0.368,5.8,10.8,0.539,0.545,5.0,5.8,0.865,0.8,4.3,5.1,6.1,1.8,0.5,2.8,2.1,26.6,6,Cle,G,27.8,10,38.2,34.3,11.1,65,0.815,143,0.545,82,0.354,0.54,0.584,29.6,5.4,4.7,1.3,0.3,2.8,35.0,34.3,39.7,9.5,111.5,108.3
129,351,Evan Mobley,PF,22,CLE,50,30.6,6.4,11.0,0.58,0.4,1.2,0.373,6.0,9.9,0.604,0.6,2.5,3.4,0.719,2.2,7.1,9.4,3.2,0.9,1.4,1.8,2.7,15.7,39,Cle,C,23.0,12,35.2,20.3,13.1,36,0.694,128,0.594,18,0.278,0.572,0.593,16.0,9.3,2.3,0.8,2.2,1.8,25.3,18.3,27.6,7.9,114.5,106.3
130,357,Wendell Moore Jr.,SG,22,MIN,25,3.0,0.4,0.7,0.5,0.0,0.2,0.0,0.4,0.5,0.75,0.5,0.0,0.0,0.0,0.0,0.5,0.5,0.2,0.2,0.0,0.2,0.2,0.7,176,Min,G,22.7,6,3.1,19.7,12.5,0,0.0,3,0.667,4,0.25,0.5,0.5,1.2,0.3,0.3,0.2,0.0,0.2,1.5,1.5,1.8,6.1,0.0,0.0
131,361,Monte Morris,PG,28,TOT,33,14.4,1.9,4.6,0.405,0.8,2.1,0.386,1.1,2.5,0.422,0.493,0.4,0.6,0.684,0.2,1.5,1.7,2.1,0.6,0.3,0.2,0.4,5.0,153,Min,G,29.0,9,7.4,21.1,0.0,2,1.0,16,0.5,14,0.071,0.317,0.34,2.3,0.7,1.0,0.2,0.1,0.0,3.0,3.3,4.0,6.3,90.1,105.5
132,362,Trey Murphy III,SF,23,NOP,57,29.6,4.8,10.9,0.443,3.0,7.8,0.38,1.9,3.1,0.602,0.579,2.2,2.6,0.815,0.7,4.2,4.9,2.2,0.9,0.5,0.6,1.2,14.8,65,Nor,F,24.0,4,42.0,14.6,14.3,0,0.0,18,0.444,30,0.333,0.479,0.479,11.5,6.5,2.3,1.3,1.5,2.0,18.0,13.8,20.3,5.3,91.8,108.8
133,364,Jamal Murray,PG,26,DEN,59,31.5,8.0,16.7,0.481,2.5,5.8,0.425,5.6,10.9,0.51,0.554,2.7,3.1,0.853,0.7,3.4,4.1,6.5,1.0,0.7,2.1,1.8,21.2,22,Den,G,27.3,12,38.5,29.0,11.1,26,0.923,176,0.438,73,0.315,0.448,0.474,20.6,4.3,5.6,0.8,0.5,2.6,24.9,26.2,30.5,8.2,98.1,112.6
134,368,Svi Mykhailiuk,SF,26,BOS,41,10.1,1.4,3.3,0.416,1.0,2.6,0.389,0.4,0.7,0.517,0.569,0.1,0.2,0.667,0.3,1.0,1.2,0.9,0.3,0.0,0.3,0.5,4.0,186,Bos,G-F,27.0,6,3.5,15.3,28.6,0,0.0,1,1.0,4,0.25,0.5,0.5,0.8,0.5,0.2,0.2,0.0,0.3,1.3,1.0,1.5,4.9,0.0,0.0
135,369,Larry Nance Jr.,C,31,NOP,61,19.9,2.3,4.0,0.573,0.4,1.1,0.415,1.8,2.9,0.631,0.629,0.8,1.0,0.77,1.5,3.5,5.0,1.9,1.0,0.3,0.8,1.6,5.7,99,Nor,F-C,31.4,4,21.1,13.8,28.8,6,0.667,13,0.692,4,0.25,0.618,0.636,6.3,8.3,1.8,0.5,0.0,1.8,14.5,8.0,16.3,8.6,120.0,103.1
136,371,Andrew Nembhard,PG,24,IND,68,25.0,3.8,7.7,0.498,0.9,2.5,0.357,2.9,5.2,0.567,0.557,0.7,0.8,0.804,0.5,1.5,2.1,4.1,0.9,0.1,1.5,2.1,9.2,44,Ind,G-F,24.4,17,32.6,17.6,11.2,26,0.769,122,0.598,60,0.483,0.64,0.654,14.9,3.3,5.5,0.4,0.2,1.4,18.2,20.4,23.7,7.9,131.0,115.0
137,372,Aaron Nesmith,SF,24,IND,72,27.7,4.4,8.8,0.496,1.9,4.6,0.419,2.4,4.2,0.581,0.606,1.5,1.9,0.781,0.9,2.9,3.8,1.5,0.9,0.7,0.9,3.3,12.2,70,Ind,G-F,24.7,17,32.9,14.6,14.0,37,0.919,62,0.629,79,0.278,0.511,0.566,10.5,4.9,2.2,0.6,0.5,1.4,15.4,12.6,17.6,5.9,112.1,111.4
138,373,Georges Niang,PF,30,CLE,82,22.3,3.5,7.7,0.449,1.8,4.8,0.376,1.6,2.9,0.572,0.567,0.6,0.7,0.85,0.3,3.1,3.4,1.2,0.4,0.2,0.9,2.3,9.4,144,Cle,F,31.0,10,12.1,19.8,14.5,8,0.875,18,0.333,23,0.13,0.256,0.314,2.8,1.2,0.4,0.4,0.2,0.7,4.0,3.2,4.4,3.6,66.2,101.6
139,375,Zeke Nnaji,PF,23,DEN,58,9.9,1.2,2.6,0.463,0.1,0.4,0.261,1.1,2.2,0.5,0.483,0.7,1.1,0.677,1.1,1.1,2.2,0.6,0.3,0.7,0.5,1.4,3.2,162,Den,F-C,23.4,3,4.7,19.3,38.3,2,0.5,3,0.667,0,0.0,0.667,0.644,1.7,0.7,0.0,0.0,0.3,0.7,2.3,1.7,2.3,0.0,92.6,115.4
140,381,Royce O'Neale,SF,30,TOT,79,24.7,2.7,6.8,0.397,2.0,5.3,0.37,0.7,1.5,0.496,0.542,0.3,0.4,0.686,0.8,4.0,4.8,2.8,0.7,0.6,0.9,2.2,7.7,116,Pho,F,31.0,4,26.1,10.8,8.3,0,0.0,4,0.25,18,0.333,0.455,0.455,5.0,4.8,1.0,0.3,0.0,0.5,9.8,6.0,10.8,4.4,103.5,108.8
141,382,Chuma Okeke,SF,25,ORL,47,9.2,0.9,2.4,0.357,0.5,1.7,0.28,0.4,0.6,0.567,0.46,0.1,0.1,0.571,0.4,1.3,1.7,0.4,0.2,0.1,0.3,0.4,2.3,140,Orl,F,25.8,2,4.9,15.4,0.0,1,1.0,1,1.0,2,0.5,0.833,0.872,3.0,0.0,0.5,0.0,0.0,0.0,3.0,3.5,3.5,0.0,181.1,119.9
142,383,Josh Okogie,SG,25,PHO,60,16.0,1.4,3.4,0.417,0.5,1.6,0.309,1.0,1.9,0.509,0.488,1.3,1.7,0.745,1.2,1.3,2.6,1.1,0.8,0.4,0.6,1.1,4.6,136,Pho,F,25.8,4,7.3,21.8,17.8,6,0.5,6,0.667,3,0.333,0.611,0.601,3.5,1.0,0.5,0.5,0.0,0.5,4.5,4.0,5.0,6.6,106.1,90.6
143,385,Isaac Okoro,SF,23,CLE,69,27.3,3.4,7.0,0.49,1.2,3.1,0.391,2.2,3.8,0.57,0.577,1.3,2.0,0.679,1.0,2.0,3.0,1.9,0.8,0.5,0.8,2.0,9.4,110,Cle,F,23.4,12,21.9,15.1,13.5,9,0.778,35,0.457,35,0.257,0.421,0.446,5.5,1.8,1.1,0.9,0.3,0.9,7.3,6.6,8.3,4.0,88.8,105.4
144,389,Kelly Oubre Jr.,SF,28,PHI,68,30.2,5.7,12.9,0.441,1.5,4.8,0.311,4.2,8.1,0.517,0.498,2.6,3.4,0.75,1.4,3.6,5.0,1.5,1.1,0.7,1.3,2.9,15.4,55,Phi,F-G,28.5,6,37.3,15.8,11.1,11,0.727,41,0.537,23,0.391,0.555,0.574,13.2,4.0,1.7,1.8,1.2,1.3,17.2,14.8,18.8,4.8,112.6,107.6
145,391,Cameron Payne,PG,29,TOT,78,16.7,2.7,6.2,0.432,1.3,3.4,0.39,1.3,2.7,0.486,0.541,0.7,0.9,0.866,0.3,1.2,1.5,2.6,0.5,0.1,0.8,1.6,7.4,108,Phi,G,29.8,5,12.2,21.1,10.7,0,0.0,7,0.286,18,0.444,0.56,0.56,5.6,1.2,1.4,0.2,0.8,0.6,6.8,7.0,8.2,6.9,109.7,102.1
146,397,Jalen Pickett,SG,24,DEN,27,4.5,0.6,1.3,0.429,0.3,0.9,0.36,0.2,0.4,0.6,0.557,0.1,0.1,0.75,0.0,0.5,0.5,0.8,0.1,0.0,0.3,0.5,1.6,170,Den,G,24.6,3,3.6,12.8,0.0,0,0.0,2,1.0,1,0.0,0.667,0.667,1.3,0.3,0.3,0.0,0.3,0.0,1.7,1.7,2.0,5.4,0.0,0.0
147,399,Mason Plumlee,C,33,LAC,46,14.7,1.9,3.3,0.569,0.0,0.1,0.0,1.9,3.2,0.592,0.569,1.5,2.2,0.707,1.3,3.8,5.1,1.2,0.3,0.4,0.8,1.5,5.3,138,Lac,F-C,34.3,6,11.0,16.2,9.9,8,0.625,18,0.389,0,0.0,0.389,0.441,3.2,3.3,0.7,0.5,0.3,0.3,6.5,3.8,7.2,7.1,106.8,94.6
148,406,Michael Porter Jr.,SF,25,DEN,81,31.7,6.4,13.3,0.484,2.7,6.8,0.397,3.7,6.5,0.575,0.586,1.1,1.4,0.836,1.3,5.7,7.0,1.5,0.5,0.7,1.1,1.8,16.7,40,Den,F,26.0,12,36.9,18.2,11.0,26,0.769,65,0.538,81,0.407,0.579,0.6,15.8,6.8,1.1,0.9,0.8,1.5,22.6,16.8,23.7,5.3,110.1,110.1
149,408,Bobby Portis,PF,28,MIL,82,24.5,5.7,11.2,0.508,1.2,3.0,0.407,4.5,8.2,0.545,0.562,1.2,1.5,0.79,1.7,5.7,7.4,1.3,0.8,0.4,1.1,2.3,13.8,37,Mil,F,29.3,6,31.2,26.0,9.0,13,0.615,79,0.519,12,0.25,0.5,0.512,16.5,11.3,1.0,0.5,0.2,1.5,27.8,17.5,28.8,7.3,102.5,108.7
150,411,Dwight Powell,C,32,DAL,63,13.3,1.1,1.7,0.679,0.0,0.0,0.333,1.1,1.6,0.689,0.684,1.0,1.4,0.708,1.5,1.9,3.4,1.3,0.4,0.3,0.5,1.8,3.3,192,Dal,F-C,32.9,11,3.1,10.3,37.8,6,0.667,3,0.333,0,0.0,0.333,0.532,0.5,0.7,0.1,0.1,0.0,0.2,1.3,0.6,1.4,4.2,0.0,0.0
151,412,Norman Powell,SG,30,LAC,76,26.2,4.9,10.1,0.486,2.2,5.1,0.435,2.7,5.1,0.536,0.594,1.9,2.3,0.831,0.2,2.4,2.6,1.1,0.6,0.3,0.9,1.8,13.9,57,Lac,G,31.1,6,29.8,19.0,10.2,15,0.8,32,0.406,29,0.448,0.533,0.57,12.8,2.8,0.3,0.5,0.0,1.2,15.7,13.2,16.0,3.0,107.2,109.6
152,415,Taurean Prince,PF,29,LAL,78,27.0,3.2,7.3,0.442,1.8,4.6,0.396,1.4,2.8,0.519,0.566,0.6,0.9,0.735,0.3,2.7,2.9,1.5,0.7,0.4,0.9,1.9,8.9,91,Lal,F,30.2,5,22.2,14.0,3.3,8,1.0,12,0.583,17,0.294,0.5,0.569,7.4,2.4,0.6,0.2,0.4,0.2,9.8,8.0,10.4,4.0,117.1,111.8
153,416,Payton Pritchard,PG,26,BOS,82,22.3,3.6,7.7,0.468,1.8,4.7,0.385,1.8,3.1,0.593,0.583,0.6,0.7,0.821,0.9,2.4,3.2,3.4,0.5,0.1,0.7,1.3,9.6,96,Bos,G,26.4,17,19.5,15.0,11.7,12,0.917,37,0.459,53,0.396,0.539,0.567,6.4,2.0,2.2,0.2,0.0,0.7,8.4,8.5,10.5,6.2,121.3,111.4
154,417,Olivier-Maxence Prosper,PF,21,DAL,40,8.4,1.0,2.6,0.385,0.3,1.1,0.289,0.7,1.5,0.458,0.447,0.7,1.0,0.683,0.6,1.4,2.0,0.6,0.2,0.1,0.2,0.5,3.0,208,Dal,F,21.9,1,0.9,0.0,0.0,0,0.0,0,0.0,0,0.0,0.0,0.0,0.0,0.0,0.0,0.0,0.0,0.0,0.0,0.0,0.0,0.0,0.0,0.0
155,419,Neemias Queta,C,24,BOS,28,11.9,2.4,3.7,0.644,0.0,0.0,0.0,2.4,3.7,0.644,0.644,0.7,1.0,0.714,1.9,2.5,4.4,0.7,0.5,0.8,0.5,1.8,5.5,181,Bos,C,24.9,2,4.0,11.8,0.0,0,0.0,2,0.5,0,0.0,0.5,0.5,1.0,1.5,0.0,0.0,0.0,0.0,2.5,1.0,2.5,0.0,124.4,113.2
156,425,Austin Reaves,SG,25,LAL,82,32.1,5.6,11.5,0.486,1.9,5.1,0.367,3.7,6.3,0.583,0.568,2.8,3.3,0.853,0.7,3.6,4.3,5.5,0.8,0.3,2.1,1.9,15.9,35,Lal,G,26.0,5,34.8,20.0,5.9,19,0.895,37,0.622,26,0.269,0.532,0.589,16.8,3.8,3.6,1.4,0.6,0.8,20.6,20.4,24.2,7.0,123.7,114.2
157,427,Paul Reed,C,24,PHI,82,19.4,3.2,5.9,0.54,0.3,0.7,0.368,2.9,5.2,0.563,0.561,0.7,1.0,0.718,2.4,3.6,6.0,1.3,0.8,1.0,0.8,2.4,7.3,167,Phi,F,25.0,6,7.2,13.8,24.5,2,0.5,9,0.444,0,0.0,0.444,0.455,1.5,2.7,0.3,0.2,0.5,0.5,4.2,1.8,4.5,5.9,105.8,99.7
158,428,Naz Reid,C,24,MIN,81,24.2,5.0,10.5,0.477,2.1,5.0,0.414,2.9,5.5,0.535,0.576,1.3,1.8,0.736,0.9,4.3,5.2,1.3,0.8,0.9,1.4,2.1,13.5,66,Min,C-F,24.8,16,22.5,21.4,9.0,31,0.71,73,0.548,69,0.362,0.546,0.569,11.1,3.7,1.0,0.5,0.8,0.9,14.8,12.1,15.8,6.1,109.5,104.2
159,432,Duncan Robinson,SF,29,MIA,68,28.0,4.5,9.9,0.45,2.8,7.0,0.395,1.7,3.0,0.579,0.589,1.2,1.3,0.889,0.2,2.3,2.5,2.8,0.7,0.2,1.4,2.4,12.9,148,Mia,F,30.1,5,11.9,17.2,23.8,0,0.0,3,0.667,13,0.231,0.406,0.406,2.6,1.0,1.2,0.4,0.0,1.0,3.6,3.8,4.8,4.9,74.6,105.5
160,434,Mitchell Robinson,C,25,NYK,31,24.8,2.4,4.1,0.575,0.0,0.0,0.0,2.4,4.1,0.575,0.575,0.9,2.1,0.409,4.6,3.9,8.5,0.6,1.2,1.1,0.8,1.8,5.6,145,Nyk,C,26.2,6,19.1,7.9,17.5,8,0.375,14,0.5,0,0.0,0.5,0.485,2.8,6.8,0.5,1.0,1.2,0.5,9.7,3.3,10.2,4.4,123.2,100.7
161,435,Orlando Robinson,C,23,MIA,36,8.4,1.0,2.0,0.5,0.2,0.4,0.533,0.8,1.6,0.491,0.556,0.5,0.7,0.76,0.8,1.6,2.3,0.9,0.2,0.2,0.5,1.0,2.8,204,Mia,C,23.9,1,2.5,19.6,0.0,0,0.0,0,0.0,1,0.0,0.0,0.0,0.0,1.0,1.0,0.0,0.0,0.0,1.0,1.0,2.0,0.0,0.0,0.0
162,436,Jeremiah Robinson-Earl,PF,23,NOP,39,8.6,1.2,2.4,0.474,0.3,1.0,0.333,0.8,1.4,0.571,0.542,0.3,0.4,0.75,0.6,1.4,1.9,0.5,0.3,0.1,0.4,0.6,2.9,156,Nor,F,23.6,1,5.3,23.8,0.0,2,0.0,2,0.5,0,0.0,0.5,0.347,2.0,1.0,1.0,0.0,0.0,0.0,3.0,3.0,4.0,9.5,99.9,122.7
163,437,David Roddy,PF,22,TOT,65,18.1,2.5,6.3,0.403,0.7,2.5,0.293,1.8,3.8,0.478,0.462,0.7,1.0,0.691,0.8,2.4,3.2,1.2,0.4,0.2,0.9,1.1,6.5,209,Pho,F,23.2,2,1.4,0.0,0.0,0,0.0,0,0.0,0,0.0,0.0,0.0,0.0,0.0,0.0,0.0,0.0,0.0,0.0,0.0,0.0,0.0,0.0,0.0
164,442,D'Angelo Russell,PG,27,LAL,76,32.7,6.5,14.2,0.456,3.0,7.2,0.415,3.5,7.0,0.497,0.56,2.1,2.5,0.828,0.4,2.7,3.1,6.3,0.9,0.5,2.1,2.1,18.0,51,Lal,G,28.3,5,36.9,20.7,10.9,2,0.5,29,0.483,44,0.318,0.479,0.481,14.2,2.8,4.2,0.8,0.2,1.8,17.0,18.4,21.2,6.0,95.6,117.0
165,443,Matt Ryan,SF,26,NOP,28,13.9,1.8,4.0,0.434,1.5,3.3,0.451,0.3,0.8,0.364,0.615,0.5,0.5,0.929,0.2,1.2,1.4,0.6,0.2,0.0,0.7,1.1,5.4,202,Nor,F,27.2,1,2.5,35.0,50.0,0,0.0,0,0.0,1,0.0,0.0,0.0,0.0,1.0,0.0,1.0,0.0,1.0,1.0,0.0,1.0,0.0,0.0,0.0
166,461,Ben Sheppard,SG,22,IND,57,14.3,1.6,4.0,0.393,0.9,2.7,0.314,0.7,1.3,0.562,0.5,0.4,0.5,0.885,0.3,1.3,1.6,0.9,0.6,0.0,0.3,1.5,4.4,113,Ind,G,22.9,17,19.7,11.6,13.4,9,0.778,21,0.571,50,0.38,0.57,0.587,5.2,3.0,1.0,0.5,0.1,0.6,8.2,6.2,9.2,5.1,112.8,113.5
167,462,Pascal Siakam,PF,29,TOT,80,33.2,8.5,15.9,0.536,1.1,3.1,0.346,7.5,12.8,0.581,0.569,3.6,5.0,0.732,1.7,5.3,7.1,4.3,0.8,0.3,1.8,2.4,21.7,20,Ind,F,30.2,17,35.4,25.3,6.1,63,0.619,243,0.588,47,0.298,0.566,0.578,21.6,7.5,3.8,0.8,0.4,1.1,29.1,25.4,32.9,9.6,120.4,114.8
168,467,Jericho Sims,C,25,NYK,45,13.0,0.8,1.2,0.691,0.0,0.0,0.0,0.8,1.2,0.691,0.691,0.4,0.5,0.667,1.2,2.0,3.3,0.6,0.2,0.4,0.4,1.0,2.0,169,Nyk,C,25.6,5,5.5,6.0,0.0,4,0.75,2,1.0,0,0.0,1.0,0.931,1.4,1.6,0.2,0.4,0.2,0.0,3.0,1.6,3.2,5.6,194.7,109.4
169,476,Jalen Smith,C,23,IND,61,17.2,3.8,6.5,0.592,1.0,2.4,0.424,2.8,4.1,0.689,0.67,1.2,1.7,0.692,1.8,3.7,5.5,1.0,0.3,0.6,0.7,2.0,9.9,157,Ind,F-C,24.2,7,6.0,16.6,32.6,8,0.625,4,0.25,4,0.5,0.5,0.564,1.9,2.0,0.3,0.3,0.1,0.6,3.9,2.1,4.1,7.0,109.0,100.4
170,481,Jaden Springer,SG,21,TOT,49,10.3,1.2,3.0,0.399,0.2,1.0,0.208,1.0,2.0,0.49,0.432,0.7,0.9,0.833,0.7,0.9,1.6,0.9,0.7,0.3,0.7,1.3,3.3,174,Bos,G,21.7,3,4.7,13.3,50.0,0,0.0,2,1.0,0,0.0,1.0,1.0,1.3,0.3,0.3,0.0,0.3,0.7,1.7,1.7,2.0,4.2,89.5,110.4
171,484,Julian Strawther,SF,21,DEN,50,10.9,1.6,4.4,0.369,0.8,2.8,0.297,0.8,1.7,0.488,0.462,0.4,0.6,0.71,0.1,1.1,1.2,0.9,0.3,0.1,0.5,1.1,4.5,152,Den,G,22.2,3,5.3,25.5,13.9,4,0.5,2,0.5,4,0.25,0.417,0.451,2.3,0.7,0.0,0.3,0.0,0.3,3.0,2.3,3.0,0.0,82.1,94.2
172,485,Max Strus,SF,27,CLE,70,32.0,4.3,10.4,0.418,2.4,6.8,0.351,1.9,3.6,0.546,0.533,1.1,1.4,0.794,0.9,3.9,4.8,4.0,0.9,0.4,1.6,2.4,12.2,73,Cle,F,28.2,12,36.1,12.9,12.7,5,1.0,31,0.548,72,0.347,0.529,0.542,9.5,5.3,2.9,0.8,0.0,1.3,14.8,12.4,17.8,5.8,108.0,106.9
173,486,Jalen Suggs,SG,22,ORL,75,27.0,4.5,9.5,0.471,2.0,5.1,0.397,2.4,4.4,0.556,0.578,1.6,2.1,0.756,0.6,2.4,3.1,2.7,1.4,0.6,1.8,2.7,12.6,46,Orl,G,23.0,7,33.2,21.8,19.5,30,0.767,34,0.559,48,0.292,0.488,0.541,14.7,5.1,3.3,1.3,0.4,2.9,19.9,18.0,23.1,7.6,103.4,106.0
174,489,Jayson Tatum,PF,25,BOS,74,35.7,9.1,19.3,0.471,3.1,8.2,0.376,6.0,11.0,0.542,0.552,5.6,6.7,0.833,0.9,7.2,8.1,4.9,1.0,0.6,2.5,2.0,26.9,15,Bos,F,26.3,17,41.0,29.2,11.7,123,0.846,211,0.507,127,0.291,0.481,0.547,25.2,10.1,6.2,1.0,0.6,2.6,35.3,31.4,41.5,11.4,113.6,104.9
175,493,Daniel Theis,C,31,TOT,60,16.9,2.6,4.9,0.532,0.4,1.2,0.366,2.2,3.7,0.586,0.577,0.6,0.8,0.76,1.4,2.7,4.1,1.0,0.4,0.9,0.7,2.1,6.3,139,Lac,F-C,32.2,1,4.4,10.4,0.0,0,0.0,0,0.0,1,1.0,1.5,1.5,3.0,1.0,0.0,0.0,0.0,0.0,4.0,3.0,4.0,0.0,300.0,118.6
176,495,Isaiah Thomas,PG,34,PHO,6,3.2,0.5,1.7,0.3,0.3,0.7,0.5,0.2,1.0,0.167,0.4,0.0,0.0,0.0,0.0,0.0,0.0,0.5,0.0,0.0,0.0,0.0,1.3,213,Pho,G,35.3,1,3.6,39.1,33.3,0,0.0,1,0.0,1,0.0,0.0,0.0,0.0,0.0,0.0,0.0,0.0,1.0,0.0,0.0,0.0,0.0,0.0,0.0
177,499,Tristan Thompson,C,32,CLE,49,11.2,1.5,2.4,0.608,0.0,0.0,0.0,1.5,2.4,0.613,0.608,0.3,1.1,0.288,1.5,2.1,3.6,1.0,0.2,0.3,0.6,1.2,3.3,165,Cle,C-F,33.3,10,8.7,10.1,11.0,2,0.5,16,0.438,0,0.0,0.438,0.444,1.5,2.0,1.0,0.1,0.5,0.2,3.5,2.5,4.5,6.6,121.1,106.8
178,504,Obi Toppin,PF,25,IND,82,21.1,4.0,7.1,0.573,1.2,3.1,0.403,2.8,4.0,0.706,0.661,0.9,1.2,0.77,1.0,2.9,3.9,1.6,0.6,0.5,0.8,1.7,10.3,68,Ind,F,26.3,17,20.2,21.1,9.4,25,0.76,79,0.671,56,0.357,0.615,0.634,10.9,4.4,1.7,0.4,0.4,0.8,15.3,12.6,17.0,8.6,121.6,115.7
179,506,Karl-Anthony Towns,PF,28,MIN,62,32.7,7.7,15.3,0.504,2.2,5.3,0.416,5.5,10.1,0.55,0.575,4.1,4.7,0.873,1.5,6.8,8.3,3.0,0.7,0.7,2.9,3.3,21.8,24,Min,F,28.6,16,32.6,25.2,10.4,69,0.855,149,0.523,83,0.361,0.53,0.581,19.1,9.0,2.6,0.8,0.2,1.7,28.1,21.7,30.7,9.4,116.8,100.3
180,509,P.J. Tucker,PF,38,TOT,31,15.7,0.6,1.6,0.36,0.4,1.1,0.371,0.2,0.5,0.333,0.49,0.1,0.1,1.0,0.9,1.8,2.7,0.5,0.5,0.2,0.3,1.7,1.7,109,Lac,F,39.1,2,15.3,13.4,33.3,0,0.0,2,0.5,4,0.75,0.917,0.917,5.5,1.5,0.0,0.0,0.0,1.5,7.0,5.5,7.0,0.0,114.5,103.6
181,510,Myles Turner,C,27,IND,77,27.0,6.2,11.8,0.524,1.5,4.2,0.358,4.7,7.6,0.615,0.587,3.2,4.1,0.773,1.5,5.5,6.9,1.3,0.5,1.9,1.4,3.0,17.1,32,Ind,C,28.2,17,32.4,21.4,13.8,50,0.76,119,0.563,86,0.453,0.612,0.637,17.0,6.6,2.1,0.5,1.5,1.9,23.6,19.1,25.8,7.6,116.7,114.6
182,511,Hunter Tyson,PF,23,DEN,18,2.7,0.4,1.1,0.4,0.2,0.8,0.286,0.2,0.3,0.667,0.5,0.0,0.0,0.0,0.1,0.4,0.5,0.1,0.1,0.0,0.1,0.6,1.1,196,Den,F,24.0,3,4.6,19.7,19.2,2,0.5,1,0.0,3,0.0,0.0,0.102,0.3,1.0,0.3,0.0,0.0,0.3,1.3,0.7,1.7,3.9,42.8,119.3
183,518,Gabe Vincent,PG,27,LAL,11,19.8,1.4,4.5,0.306,0.3,2.5,0.107,1.1,1.9,0.571,0.337,0.1,0.2,0.5,0.4,0.5,0.8,1.9,0.8,0.0,0.5,1.7,3.1,168,Lal,G,28.0,5,13.8,10.0,20.0,0,0.0,5,0.4,7,0.143,0.292,0.292,1.4,1.6,0.6,0.4,0.0,0.6,3.0,2.0,3.6,3.2,62.4,107.0
184,521,Dean Wade,PF,27,CLE,54,20.5,1.8,4.3,0.414,1.5,3.7,0.391,0.3,0.6,0.567,0.584,0.4,0.5,0.769,0.7,3.4,4.0,0.8,0.7,0.5,0.4,1.7,5.4,130,Cle,F,27.6,3,21.0,11.1,13.3,0,0.0,3,0.333,10,0.3,0.423,0.423,3.7,2.0,1.7,0.3,0.7,0.7,5.7,5.3,7.3,4.4,92.6,112.2
185,522,Franz Wagner,SF,22,ORL,72,32.5,7.3,15.2,0.482,1.3,4.6,0.281,6.0,10.6,0.57,0.525,3.8,4.4,0.85,1.0,4.3,5.3,3.7,1.1,0.4,1.9,2.3,19.7,25,Orl,F,22.8,7,37.1,22.2,8.0,44,0.886,69,0.478,34,0.265,0.451,0.539,18.9,6.9,4.4,0.7,1.3,1.3,25.7,23.3,30.1,9.0,118.7,106.3
186,523,Moritz Wagner,C,26,ORL,80,17.7,4.2,6.9,0.601,0.5,1.4,0.33,3.7,5.5,0.673,0.636,2.1,2.6,0.814,1.5,2.9,4.3,1.2,0.5,0.3,1.2,2.0,10.9,101,Orl,F-C,27.1,7,15.0,21.5,18.1,17,0.588,27,0.519,9,0.222,0.472,0.506,6.3,4.4,0.3,0.9,0.4,1.1,10.7,6.6,11.0,5.4,97.7,89.2
187,526,Jarace Walker,PF,20,IND,33,10.3,1.4,3.3,0.409,0.7,1.7,0.4,0.7,1.7,0.418,0.509,0.2,0.3,0.889,0.4,1.5,1.9,1.2,0.5,0.3,0.5,0.9,3.6,185,Ind,F,20.8,9,3.4,25.4,36.8,3,0.667,7,0.429,3,0.0,0.3,0.353,0.9,0.4,0.4,0.2,0.1,0.7,1.3,1.3,1.8,6.2,0.0,0.0
188,528,Cason Wallace,SG,20,OKC,82,20.6,2.6,5.4,0.491,1.2,2.9,0.419,1.5,2.5,0.572,0.602,0.4,0.5,0.784,0.6,1.6,2.3,1.5,0.9,0.5,0.5,1.6,6.8,125,Okc,G,20.6,10,19.8,10.6,8.8,2,0.5,13,0.538,28,0.321,0.5,0.501,4.2,1.3,1.0,0.9,0.2,0.4,5.5,5.2,6.5,3.6,108.0,111.5
189,529,Jordan Walsh,SF,19,BOS,9,9.2,0.7,1.7,0.4,0.2,1.0,0.222,0.4,0.7,0.667,0.467,0.1,0.2,0.5,0.6,1.7,2.2,0.6,0.6,0.1,0.3,1.2,1.7,184,Bos,G,20.3,2,3.0,7.9,0.0,0,0.0,1,1.0,0,0.0,1.0,1.0,1.0,0.5,0.0,0.0,0.0,0.0,1.5,1.0,1.5,0.0,0.0,0.0
190,530,T.J. Warren,SF,30,MIN,11,11.4,1.6,3.7,0.439,0.2,1.2,0.154,1.5,2.5,0.571,0.463,0.3,0.4,0.75,0.5,1.5,2.0,0.8,0.4,0.1,0.4,1.0,3.7,212,Min,F,30.8,3,3.8,8.1,0.0,0,0.0,1,0.0,1,0.0,0.0,0.0,0.0,1.0,0.3,0.0,0.0,0.0,1.0,0.3,1.3,0.0,0.0,0.0
191,531,P.J. Washington,PF,25,TOT,73,30.4,4.8,11.1,0.436,1.8,5.7,0.32,3.0,5.5,0.558,0.518,1.4,2.0,0.683,1.2,4.5,5.6,1.9,1.0,0.8,1.3,2.3,12.9,52,Dal,F,25.8,20,36.8,16.8,10.4,55,0.709,96,0.531,127,0.354,0.531,0.558,13.8,6.9,1.4,0.8,0.8,1.3,20.7,15.2,22.1,5.6,110.8,109.9
192,534,Lindy Waters III,SG,26,OKC,38,7.4,1.3,2.7,0.471,1.0,2.2,0.435,0.3,0.5,0.632,0.649,0.1,0.1,1.0,0.2,0.9,1.1,0.6,0.1,0.2,0.2,0.6,3.6,201,Okc,F,26.9,3,2.8,5.4,0.0,0,0.0,0,0.0,1,0.0,0.0,0.0,0.0,0.3,0.0,0.0,0.0,0.0,0.3,0.0,0.3,0.0,0.0,0.0
193,536,Peyton Watson,SF,21,DEN,80,18.6,2.6,5.6,0.465,0.6,1.9,0.296,2.0,3.7,0.553,0.516,0.9,1.3,0.67,0.7,2.5,3.2,1.1,0.5,1.1,0.7,1.8,6.7,161,Den,G,21.8,10,9.0,15.1,11.0,6,0.5,12,0.25,12,0.25,0.313,0.338,1.8,1.5,0.4,0.0,0.6,0.3,3.3,2.2,3.7,4.6,75.9,107.7
194,539,Russell Westbrook,PG,35,LAC,68,22.5,4.4,9.8,0.454,0.6,2.3,0.273,3.8,7.5,0.509,0.486,1.6,2.4,0.688,1.4,3.7,5.0,4.5,1.1,0.3,2.1,1.8,11.1,97,Lac,G,35.6,6,19.0,26.3,16.6,13,0.615,33,0.273,17,0.235,0.3,0.341,6.3,4.2,1.7,1.2,0.5,1.7,10.5,8.0,12.2,7.5,75.3,105.9
195,541,Derrick White,SG,29,BOS,73,32.6,5.3,11.5,0.461,2.7,6.8,0.396,2.6,4.7,0.555,0.578,1.9,2.1,0.901,0.7,3.5,4.2,5.2,1.0,1.2,1.5,2.1,15.2,31,Bos,G,29.9,17,35.7,19.4,5.9,36,0.917,78,0.564,145,0.407,0.594,0.624,17.5,4.1,4.4,0.9,1.3,0.8,21.6,21.9,26.0,7.6,132.7,108.6
196,544,Aaron Wiggins,SG,25,OKC,78,15.7,2.7,4.8,0.562,0.8,1.6,0.492,1.9,3.2,0.598,0.645,0.7,0.9,0.789,0.8,1.6,2.4,1.1,0.7,0.2,0.7,1.2,6.9,102,Okc,G,25.4,10,15.7,17.7,16.0,11,0.909,27,0.63,20,0.3,0.553,0.598,6.2,3.2,1.0,0.6,0.3,0.9,9.4,7.2,10.4,6.9,113.8,110.1
197,550,Jalen Williams,PF,22,OKC,71,31.3,7.5,14.0,0.54,1.5,3.4,0.427,6.1,10.6,0.576,0.592,2.5,3.1,0.814,0.5,3.5,4.0,4.5,1.1,0.6,1.7,2.5,19.1,27,Okc,F,23.2,10,37.7,23.1,10.6,27,0.815,121,0.496,39,0.385,0.516,0.544,18.7,6.8,5.4,1.7,0.5,1.9,25.5,24.1,30.9,9.4,112.7,109.3
198,551,Jaylin Williams,C,21,OKC,69,13.0,1.4,3.3,0.417,0.8,2.1,0.368,0.6,1.2,0.5,0.533,0.5,0.6,0.805,0.5,2.9,3.4,1.6,0.4,0.4,0.5,1.4,4.0,121,Okc,F,22.0,10,12.7,13.6,8.3,4,0.75,11,0.636,22,0.409,0.621,0.633,4.4,3.2,1.5,0.4,0.3,0.3,7.6,5.9,9.1,8.7,132.4,104.0
199,553,Kenrich Williams,PF,29,OKC,69,14.9,1.9,4.1,0.468,0.8,2.0,0.397,1.1,2.0,0.54,0.568,0.1,0.2,0.5,0.9,2.1,3.0,1.3,0.6,0.1,0.5,1.5,4.7,190,Okc,G-F,29.5,7,4.5,11.6,0.0,0,0.0,3,0.667,5,0.0,0.25,0.25,0.6,1.1,0.4,0.1,0.0,0.0,1.7,1.0,2.1,5.7,81.5,103.0
200,567,Delon Wright,PG,31,TOT,47,15.8,1.6,4.0,0.394,0.5,1.4,0.368,1.0,2.6,0.408,0.46,0.8,1.0,0.822,0.4,1.4,1.8,2.5,1.1,0.2,0.3,0.7,4.5,87,Mia,G,32.1,4,26.8,9.5,0.0,2,1.0,10,0.6,10,0.6,0.75,0.766,8.0,3.0,1.8,1.0,0.3,0.0,11.0,9.8,12.8,5.2,160.8,111.1
201,568,Thaddeus Young,PF,35,TOT,33,13.3,2.0,3.3,0.602,0.0,0.2,0.143,1.9,3.1,0.634,0.606,0.2,0.5,0.4,1.4,1.7,3.1,1.7,0.7,0.2,0.5,1.5,4.2,211,Pho,F,36.0,1,3.6,0.0,0.0,0,0.0,0,0.0,0,0.0,0.0,0.0,0.0,0.0,0.0,0.0,0.0,0.0,0.0,0.0,0.0,0.0,0.0,0.0
202,572,Ivica Zubac,C,26,LAC,68,26.4,5.0,7.6,0.649,0.0,0.0,0.0,5.0,7.6,0.649,0.649,1.8,2.4,0.723,2.9,6.3,9.2,1.4,0.3,1.2,1.2,2.6,11.7,38,Lac,C,27.2,6,32.0,20.6,10.2,20,0.65,70,0.6,0,0.0,0.6,0.615,16.2,9.3,1.0,0.8,0.5,1.3,25.5,17.2,26.5,6.7,121.1,105.6
